Rok;Miesiąc;Język;Typ usługodawcy;Rodzaj współpracy;Typ klienta;Liczba zleceń;Przychód (PLN);;14320
2020;January;Węgierski;Freelancer;Useme.com;JDG;20;10300;;
2020;January;Węgierski;Biuro tłumaczeń;Umowa zlecenie;Korporacja;10;6110;;
2020;January;Angielski;Freelancer;Useme.com;Korporacja;4;3112;;
2020;January;Angielski;Biuro tłumaczeń;Useme.com;MSP;3;2067;;
2020;January;Niemiecki;Freelancer;Useme.com;MSP;8;4584;;
2020;January;Niemiecki;Biuro tłumaczeń;Umowa o dzieło;JDG;15;6990;;
2020;January;Francuski;Freelancer;Umowa o dzieło;JDG;1;507;;
2020;January;Francuski;Biuro tłumaczeń;Umowa zlecenie;JDG;12;5976;;
2020;January;Hiszpański;Freelancer;Umowa zlecenie;MSP;13;7475;;
2020;January;Hiszpański;Biuro tłumaczeń;Umowa zlecenie;Korporacja;7;4739;;
2020;January;Włoski;Freelancer;Useme.com;JDG;14;7966;;
2020;January;Włoski;Biuro tłumaczeń;Umowa zlecenie;MSP;12;5448;;
2020;January;Niderlandzki;Freelancer;Umowa zlecenie;Korporacja;7;4718;;
2020;January;Niderlandzki;Biuro tłumaczeń;Umowa zlecenie;MSP;6;3258;;
2020;January;Czeski;Freelancer;Useme.com;Korporacja;2;1468;;
2020;January;Czeski;Biuro tłumaczeń;Useme.com;JDG;15;9945;;
2020;February;Węgierski;Freelancer;Umowa zlecenie;JDG;12;6228;;
2020;February;Węgierski;Biuro tłumaczeń;Umowa o dzieło;Korporacja;16;11536;;
2020;February;Angielski;Freelancer;Umowa zlecenie;Korporacja;19;10317;;
2020;February;Angielski;Biuro tłumaczeń;Umowa o dzieło;Korporacja;10;6320;;
2020;February;Niemiecki;Freelancer;Useme.com;Korporacja;10;4370;;
2020;February;Niemiecki;Biuro tłumaczeń;Umowa zlecenie;JDG;12;5388;;
2020;February;Francuski;Freelancer;Useme.com;JDG;4;2016;;
2020;February;Francuski;Biuro tłumaczeń;Umowa o dzieło;MSP;12;6744;;
2020;February;Hiszpański;Freelancer;Umowa o dzieło;Korporacja;4;2584;;
2020;February;Hiszpański;Biuro tłumaczeń;Umowa o dzieło;MSP;15;11520;;
2020;February;Włoski;Freelancer;Umowa o dzieło;Korporacja;20;13200;;
2020;February;Włoski;Biuro tłumaczeń;Umowa o dzieło;JDG;1;434;;
2020;February;Niderlandzki;Freelancer;Umowa zlecenie;MSP;8;5664;;
2020;February;Niderlandzki;Biuro tłumaczeń;Useme.com;Korporacja;17;9554;;
2020;February;Czeski;Freelancer;Umowa o dzieło;JDG;19;11590;;
2020;February;Czeski;Biuro tłumaczeń;Umowa zlecenie;JDG;1;547;;
2020;March;Węgierski;Freelancer;Useme.com;MSP;8;4840;;
2020;March;Węgierski;Biuro tłumaczeń;Useme.com;MSP;19;13167;;
2020;March;Angielski;Freelancer;Useme.com;JDG;19;10792;;
2020;March;Angielski;Biuro tłumaczeń;Umowa o dzieło;JDG;5;3270;;
2020;March;Niemiecki;Freelancer;Umowa o dzieło;Korporacja;13;9061;;
2020;March;Niemiecki;Biuro tłumaczeń;Umowa zlecenie;JDG;15;6615;;
2020;March;Francuski;Freelancer;Umowa zlecenie;Korporacja;2;1156;;
2020;March;Francuski;Biuro tłumaczeń;Umowa zlecenie;Korporacja;17;7463;;
2020;March;Hiszpański;Freelancer;Useme.com;Korporacja;11;6413;;
2020;March;Hiszpański;Biuro tłumaczeń;Useme.com;JDG;6;3354;;
2020;March;Włoski;Freelancer;Umowa zlecenie;MSP;18;8748;;
2020;March;Włoski;Biuro tłumaczeń;Umowa o dzieło;MSP;15;8040;;
2020;March;Niderlandzki;Freelancer;Umowa o dzieło;MSP;1;433;;
2020;March;Niderlandzki;Biuro tłumaczeń;Umowa o dzieło;MSP;14;9576;;
2020;March;Czeski;Freelancer;Umowa zlecenie;JDG;13;8918;;
2020;March;Czeski;Biuro tłumaczeń;Umowa zlecenie;JDG;12;6216;;
2020;April;Węgierski;Freelancer;Umowa o dzieło;Korporacja;9;4815;;
2020;April;Węgierski;Biuro tłumaczeń;Umowa zlecenie;Korporacja;1;769;;
2020;April;Angielski;Freelancer;Useme.com;JDG;8;5320;;
2020;April;Angielski;Biuro tłumaczeń;Useme.com;Korporacja;15;7680;;
2020;April;Niemiecki;Freelancer;Useme.com;MSP;4;2192;;
2020;April;Niemiecki;Biuro tłumaczeń;Umowa o dzieło;Korporacja;20;15280;;
2020;April;Francuski;Freelancer;Umowa o dzieło;MSP;12;6432;;
2020;April;Francuski;Biuro tłumaczeń;Useme.com;Korporacja;6;4356;;
2020;April;Hiszpański;Freelancer;Umowa zlecenie;Korporacja;2;958;;
2020;April;Hiszpański;Biuro tłumaczeń;Useme.com;MSP;17;8959;;
2020;April;Włoski;Freelancer;Umowa zlecenie;Korporacja;15;10860;;
2020;April;Włoski;Biuro tłumaczeń;Useme.com;JDG;10;5890;;
2020;April;Niderlandzki;Freelancer;Useme.com;MSP;15;7755;;
2020;April;Niderlandzki;Biuro tłumaczeń;Umowa o dzieło;Korporacja;5;2525;;
2020;April;Czeski;Freelancer;Umowa o dzieło;JDG;6;2496;;
2020;April;Czeski;Biuro tłumaczeń;Umowa o dzieło;JDG;13;7670;;
2020;May;Węgierski;Freelancer;Umowa o dzieło;JDG;13;9269;;
2020;May;Węgierski;Biuro tłumaczeń;Umowa o dzieło;Korporacja;6;3420;;
2020;May;Angielski;Freelancer;Useme.com;Korporacja;4;2700;;
2020;May;Angielski;Biuro tłumaczeń;Umowa o dzieło;Korporacja;13;10361;;
2020;May;Niemiecki;Freelancer;Umowa zlecenie;Korporacja;2;1418;;
2020;May;Niemiecki;Biuro tłumaczeń;Umowa zlecenie;MSP;8;4984;;
2020;May;Francuski;Freelancer;Umowa o dzieło;MSP;15;6930;;
2020;May;Francuski;Biuro tłumaczeń;Useme.com;JDG;5;3805;;
2020;May;Hiszpański;Freelancer;Umowa zlecenie;JDG;20;15520;;
2020;May;Hiszpański;Biuro tłumaczeń;Umowa zlecenie;MSP;12;9180;;
2020;May;Włoski;Freelancer;Umowa zlecenie;JDG;5;3030;;
2020;May;Włoski;Biuro tłumaczeń;Umowa zlecenie;MSP;17;7837;;
2020;May;Niderlandzki;Freelancer;Umowa zlecenie;Korporacja;18;9684;;
2020;May;Niderlandzki;Biuro tłumaczeń;Useme.com;MSP;11;7392;;
2020;May;Czeski;Freelancer;Useme.com;Korporacja;12;8304;;
2020;May;Czeski;Biuro tłumaczeń;Useme.com;MSP;3;1830;;
2020;June;Węgierski;Freelancer;Useme.com;JDG;11;8129;;
2020;June;Węgierski;Biuro tłumaczeń;Useme.com;MSP;20;14320;;
2020;June;Angielski;Freelancer;Useme.com;Korporacja;13;6513;;
2020;June;Angielski;Biuro tłumaczeń;Useme.com;MSP;9;6111;;
2020;June;Niemiecki;Freelancer;Useme.com;MSP;17;12869;;
2020;June;Niemiecki;Biuro tłumaczeń;Useme.com;JDG;10;5490;;
2020;June;Francuski;Freelancer;Umowa o dzieło;JDG;19;10697;;
2020;June;Francuski;Biuro tłumaczeń;Umowa zlecenie;MSP;20;14260;;
2020;June;Hiszpański;Freelancer;Umowa o dzieło;Korporacja;8;4560;;
2020;June;Hiszpański;Biuro tłumaczeń;Umowa zlecenie;JDG;7;2870;;
2020;June;Włoski;Freelancer;Umowa o dzieło;JDG;7;3829;;
2020;June;Włoski;Biuro tłumaczeń;Umowa zlecenie;MSP;6;3240;;
2020;June;Niderlandzki;Freelancer;Umowa o dzieło;Korporacja;17;10914;;
2020;June;Niderlandzki;Biuro tłumaczeń;Useme.com;MSP;6;3666;;
2020;June;Czeski;Freelancer;Umowa o dzieło;JDG;15;11295;;
2020;June;Czeski;Biuro tłumaczeń;Useme.com;Korporacja;7;3976;;
2020;July;Węgierski;Freelancer;Umowa zlecenie;JDG;1;791;;
2020;July;Węgierski;Biuro tłumaczeń;Umowa zlecenie;MSP;18;12546;;
2020;July;Angielski;Freelancer;Umowa o dzieło;MSP;19;9310;;
2020;July;Angielski;Biuro tłumaczeń;Umowa o dzieło;JDG;17;12920;;
2020;July;Niemiecki;Freelancer;Useme.com;MSP;1;654;;
2020;July;Niemiecki;Biuro tłumaczeń;Umowa o dzieło;MSP;7;5502;;
2020;July;Francuski;Freelancer;Useme.com;Korporacja;11;5368;;
2020;July;Francuski;Biuro tłumaczeń;Useme.com;Korporacja;6;3792;;
2020;July;Hiszpański;Freelancer;Umowa o dzieło;JDG;9;5724;;
2020;July;Hiszpański;Biuro tłumaczeń;Umowa o dzieło;Korporacja;2;1158;;
2020;July;Włoski;Freelancer;Umowa zlecenie;JDG;6;2922;;
2020;July;Włoski;Biuro tłumaczeń;Useme.com;Korporacja;13;5304;;
2020;July;Niderlandzki;Freelancer;Umowa zlecenie;JDG;5;2095;;
2020;July;Niderlandzki;Biuro tłumaczeń;Useme.com;MSP;10;6850;;
2020;July;Czeski;Freelancer;Useme.com;Korporacja;5;3930;;
2020;July;Czeski;Biuro tłumaczeń;Umowa zlecenie;MSP;5;2225;;
2020;August;Węgierski;Freelancer;Umowa o dzieło;MSP;4;1952;;
2020;August;Węgierski;Biuro tłumaczeń;Umowa o dzieło;JDG;3;1536;;
2020;August;Angielski;Freelancer;Umowa zlecenie;MSP;2;890;;
2020;August;Angielski;Biuro tłumaczeń;Umowa zlecenie;Korporacja;20;9460;;
2020;August;Niemiecki;Freelancer;Umowa o dzieło;Korporacja;15;6150;;
2020;August;Niemiecki;Biuro tłumaczeń;Useme.com;JDG;5;2485;;
2020;August;Francuski;Freelancer;Umowa zlecenie;MSP;11;5060;;
2020;August;Francuski;Biuro tłumaczeń;Umowa o dzieło;MSP;10;4950;;
2020;August;Hiszpański;Freelancer;Useme.com;MSP;11;6138;;
2020;August;Hiszpański;Biuro tłumaczeń;Useme.com;MSP;3;1941;;
2020;August;Włoski;Freelancer;Useme.com;JDG;10;7530;;
2020;August;Włoski;Biuro tłumaczeń;Umowa zlecenie;Korporacja;18;8244;;
2020;August;Niderlandzki;Freelancer;Useme.com;MSP;6;2640;;
2020;August;Niderlandzki;Biuro tłumaczeń;Umowa zlecenie;Korporacja;14;5796;;
2020;August;Czeski;Freelancer;Umowa o dzieło;Korporacja;17;9554;;
2020;August;Czeski;Biuro tłumaczeń;Umowa o dzieło;MSP;16;12096;;
2020;September;Węgierski;Freelancer;Useme.com;MSP;3;1650;;
2020;September;Węgierski;Biuro tłumaczeń;Umowa o dzieło;Korporacja;2;1056;;
2020;September;Angielski;Freelancer;Umowa zlecenie;JDG;13;9399;;
2020;September;Angielski;Biuro tłumaczeń;Umowa o dzieło;JDG;1;463;;
2020;September;Niemiecki;Freelancer;Useme.com;JDG;12;6060;;
2020;September;Niemiecki;Biuro tłumaczeń;Useme.com;JDG;5;2115;;
2020;September;Francuski;Freelancer;Umowa o dzieło;JDG;20;11340;;
2020;September;Francuski;Biuro tłumaczeń;Umowa o dzieło;MSP;15;11970;;
2020;September;Hiszpański;Freelancer;Useme.com;MSP;5;2235;;
2020;September;Hiszpański;Biuro tłumaczeń;Umowa o dzieło;Korporacja;12;8148;;
2020;September;Włoski;Freelancer;Umowa o dzieło;MSP;2;1050;;
2020;September;Włoski;Biuro tłumaczeń;Umowa o dzieło;Korporacja;19;11210;;
2020;September;Niderlandzki;Freelancer;Useme.com;Korporacja;6;3534;;
2020;September;Niderlandzki;Biuro tłumaczeń;Umowa o dzieło;MSP;20;15900;;
2020;September;Czeski;Freelancer;Umowa o dzieło;JDG;16;7280;;
2020;September;Czeski;Biuro tłumaczeń;Umowa zlecenie;MSP;17;7497;;
2020;October;Węgierski;Freelancer;Umowa o dzieło;JDG;1;718;;
2020;October;Węgierski;Biuro tłumaczeń;Umowa o dzieło;MSP;1;712;;
2020;October;Angielski;Freelancer;Umowa zlecenie;JDG;5;2255;;
2020;October;Angielski;Biuro tłumaczeń;Useme.com;MSP;5;3680;;
2020;October;Niemiecki;Freelancer;Useme.com;Korporacja;1;621;;
2020;October;Niemiecki;Biuro tłumaczeń;Useme.com;MSP;18;13446;;
2020;October;Francuski;Freelancer;Useme.com;Korporacja;2;1000;;
2020;October;Francuski;Biuro tłumaczeń;Useme.com;JDG;10;7880;;
2020;October;Hiszpański;Freelancer;Useme.com;Korporacja;8;4968;;
2020;October;Hiszpański;Biuro tłumaczeń;Useme.com;Korporacja;5;2410;;
2020;October;Włoski;Freelancer;Useme.com;Korporacja;15;6990;;
2020;October;Włoski;Biuro tłumaczeń;Useme.com;JDG;20;15640;;
2020;October;Niderlandzki;Freelancer;Umowa o dzieło;MSP;19;13110;;
2020;October;Niderlandzki;Biuro tłumaczeń;Umowa zlecenie;Korporacja;19;7619;;
2020;October;Czeski;Freelancer;Umowa zlecenie;Korporacja;9;6282;;
2020;October;Czeski;Biuro tłumaczeń;Umowa o dzieło;Korporacja;12;6660;;
2020;November;Węgierski;Freelancer;Umowa zlecenie;JDG;12;7524;;
2020;November;Węgierski;Biuro tłumaczeń;Umowa zlecenie;JDG;15;11595;;
2020;November;Angielski;Freelancer;Umowa o dzieło;Korporacja;18;7578;;
2020;November;Angielski;Biuro tłumaczeń;Umowa zlecenie;Korporacja;20;8880;;
2020;November;Niemiecki;Freelancer;Umowa o dzieło;Korporacja;2;994;;
2020;November;Niemiecki;Biuro tłumaczeń;Umowa zlecenie;Korporacja;13;8151;;
2020;November;Francuski;Freelancer;Umowa zlecenie;Korporacja;16;6976;;
2020;November;Francuski;Biuro tłumaczeń;Umowa zlecenie;JDG;5;2460;;
2020;November;Hiszpański;Freelancer;Useme.com;Korporacja;13;6877;;
2020;November;Hiszpański;Biuro tłumaczeń;Useme.com;JDG;1;463;;
2020;November;Włoski;Freelancer;Umowa o dzieło;Korporacja;18;8280;;
2020;November;Włoski;Biuro tłumaczeń;Umowa zlecenie;JDG;1;745;;
2020;November;Niderlandzki;Freelancer;Useme.com;Korporacja;9;6516;;
2020;November;Niderlandzki;Biuro tłumaczeń;Umowa o dzieło;Korporacja;8;3816;;
2020;November;Czeski;Freelancer;Useme.com;Korporacja;2;1206;;
2020;November;Czeski;Biuro tłumaczeń;Umowa o dzieło;MSP;18;9054;;
2020;December;Węgierski;Freelancer;Umowa o dzieło;MSP;4;2196;;
2020;December;Węgierski;Biuro tłumaczeń;Umowa o dzieło;Korporacja;1;692;;
2020;December;Angielski;Freelancer;Umowa o dzieło;JDG;2;938;;
2020;December;Angielski;Biuro tłumaczeń;Umowa o dzieło;MSP;18;9738;;
2020;December;Niemiecki;Freelancer;Umowa zlecenie;MSP;19;13661;;
2020;December;Niemiecki;Biuro tłumaczeń;Umowa o dzieło;JDG;10;7790;;
2020;December;Francuski;Freelancer;Umowa zlecenie;Korporacja;19;8626;;
2020;December;Francuski;Biuro tłumaczeń;Umowa o dzieło;JDG;17;10455;;
2020;December;Hiszpański;Freelancer;Umowa o dzieło;Korporacja;1;430;;
2020;December;Hiszpański;Biuro tłumaczeń;Umowa zlecenie;MSP;15;11430;;
2020;December;Włoski;Freelancer;Umowa zlecenie;Korporacja;2;1388;;
2020;December;Włoski;Biuro tłumaczeń;Umowa zlecenie;Korporacja;6;4668;;
2020;December;Niderlandzki;Freelancer;Umowa zlecenie;Korporacja;8;4472;;
2020;December;Niderlandzki;Biuro tłumaczeń;Useme.com;JDG;20;13160;;
2020;December;Czeski;Freelancer;Umowa zlecenie;Korporacja;3;1656;;
2020;December;Czeski;Biuro tłumaczeń;Umowa zlecenie;Korporacja;3;1251;;
2021;January;Węgierski;Freelancer;Useme.com;MSP;18;13482;;
2021;January;Węgierski;Biuro tłumaczeń;Umowa o dzieło;MSP;3;1335;;
2021;January;Angielski;Freelancer;Umowa zlecenie;JDG;3;1344;;
2021;January;Angielski;Biuro tłumaczeń;Umowa o dzieło;JDG;19;14687;;
2021;January;Niemiecki;Freelancer;Umowa o dzieło;Korporacja;16;11392;;
2021;January;Niemiecki;Biuro tłumaczeń;Umowa zlecenie;MSP;4;3096;;
2021;January;Francuski;Freelancer;Umowa o dzieło;JDG;13;8021;;
2021;January;Francuski;Biuro tłumaczeń;Umowa zlecenie;JDG;13;6903;;
2021;January;Hiszpański;Freelancer;Umowa o dzieło;Korporacja;14;9408;;
2021;January;Hiszpański;Biuro tłumaczeń;Umowa zlecenie;Korporacja;12;6780;;
2021;January;Włoski;Freelancer;Umowa o dzieło;Korporacja;5;3960;;
2021;January;Włoski;Biuro tłumaczeń;Umowa zlecenie;JDG;16;6608;;
2021;January;Niderlandzki;Freelancer;Useme.com;JDG;7;3157;;
2021;January;Niderlandzki;Biuro tłumaczeń;Umowa zlecenie;Korporacja;13;9945;;
2021;January;Czeski;Freelancer;Useme.com;JDG;15;7065;;
2021;January;Czeski;Biuro tłumaczeń;Useme.com;JDG;15;7680;;
2021;February;Węgierski;Freelancer;Useme.com;JDG;13;9373;;
2021;February;Węgierski;Biuro tłumaczeń;Umowa zlecenie;MSP;13;9451;;
2021;February;Angielski;Freelancer;Umowa o dzieło;MSP;5;3160;;
2021;February;Angielski;Biuro tłumaczeń;Umowa o dzieło;JDG;10;5220;;
2021;February;Niemiecki;Freelancer;Umowa zlecenie;JDG;17;9095;;
2021;February;Niemiecki;Biuro tłumaczeń;Umowa zlecenie;MSP;11;4862;;
2021;February;Francuski;Freelancer;Umowa zlecenie;MSP;8;5968;;
2021;February;Francuski;Biuro tłumaczeń;Umowa o dzieło;MSP;10;4310;;
2021;February;Hiszpański;Freelancer;Umowa zlecenie;MSP;13;8515;;
2021;February;Hiszpański;Biuro tłumaczeń;Useme.com;Korporacja;17;13362;;
2021;February;Włoski;Freelancer;Umowa o dzieło;Korporacja;5;3195;;
2021;February;Włoski;Biuro tłumaczeń;Umowa zlecenie;JDG;19;14991;;
2021;February;Niderlandzki;Freelancer;Umowa o dzieło;Korporacja;1;791;;
2021;February;Niderlandzki;Biuro tłumaczeń;Umowa o dzieło;Korporacja;14;5754;;
2021;February;Czeski;Freelancer;Umowa zlecenie;JDG;16;9600;;
2021;February;Czeski;Biuro tłumaczeń;Umowa zlecenie;MSP;7;4865;;
2021;March;Węgierski;Freelancer;Useme.com;JDG;15;7545;;
2021;March;Węgierski;Biuro tłumaczeń;Useme.com;MSP;8;3296;;
2021;March;Angielski;Freelancer;Umowa o dzieło;JDG;19;14953;;
2021;March;Angielski;Biuro tłumaczeń;Umowa o dzieło;MSP;2;886;;
2021;March;Niemiecki;Freelancer;Useme.com;JDG;1;432;;
2021;March;Niemiecki;Biuro tłumaczeń;Umowa o dzieło;MSP;13;8697;;
2021;March;Francuski;Freelancer;Useme.com;Korporacja;6;4488;;
2021;March;Francuski;Biuro tłumaczeń;Useme.com;MSP;8;4832;;
2021;March;Hiszpański;Freelancer;Umowa zlecenie;JDG;4;2700;;
2021;March;Hiszpański;Biuro tłumaczeń;Umowa o dzieło;MSP;12;4860;;
2021;March;Włoski;Freelancer;Useme.com;MSP;20;9620;;
2021;March;Włoski;Biuro tłumaczeń;Useme.com;MSP;20;11940;;
2021;March;Niderlandzki;Freelancer;Umowa zlecenie;MSP;14;6244;;
2021;March;Niderlandzki;Biuro tłumaczeń;Umowa o dzieło;JDG;8;6328;;
2021;March;Czeski;Freelancer;Umowa zlecenie;JDG;11;8591;;
2021;March;Czeski;Biuro tłumaczeń;Useme.com;MSP;10;6050;;
2021;April;Węgierski;Freelancer;Umowa o dzieło;Korporacja;2;1392;;
2021;April;Węgierski;Biuro tłumaczeń;Umowa o dzieło;MSP;12;7620;;
2021;April;Angielski;Freelancer;Umowa o dzieło;JDG;17;10574;;
2021;April;Angielski;Biuro tłumaczeń;Useme.com;JDG;11;8679;;
2021;April;Niemiecki;Freelancer;Useme.com;MSP;20;9040;;
2021;April;Niemiecki;Biuro tłumaczeń;Useme.com;JDG;16;11792;;
2021;April;Francuski;Freelancer;Umowa zlecenie;JDG;10;5730;;
2021;April;Francuski;Biuro tłumaczeń;Umowa o dzieło;MSP;2;1298;;
2021;April;Hiszpański;Freelancer;Umowa o dzieło;JDG;6;3084;;
2021;April;Hiszpański;Biuro tłumaczeń;Umowa o dzieło;Korporacja;13;5291;;
2021;April;Włoski;Freelancer;Useme.com;Korporacja;8;4760;;
2021;April;Włoski;Biuro tłumaczeń;Umowa o dzieło;JDG;6;2718;;
2021;April;Niderlandzki;Freelancer;Umowa o dzieło;Korporacja;11;6941;;
2021;April;Niderlandzki;Biuro tłumaczeń;Umowa o dzieło;JDG;15;11400;;
2021;April;Czeski;Freelancer;Useme.com;MSP;3;1311;;
2021;April;Czeski;Biuro tłumaczeń;Useme.com;MSP;14;10206;;
2021;May;Węgierski;Freelancer;Useme.com;JDG;16;8336;;
2021;May;Węgierski;Biuro tłumaczeń;Umowa o dzieło;MSP;16;7504;;
2021;May;Angielski;Freelancer;Useme.com;JDG;7;4655;;
2021;May;Angielski;Biuro tłumaczeń;Useme.com;JDG;7;5495;;
2021;May;Niemiecki;Freelancer;Useme.com;JDG;1;665;;
2021;May;Niemiecki;Biuro tłumaczeń;Useme.com;MSP;14;7798;;
2021;May;Francuski;Freelancer;Umowa zlecenie;Korporacja;3;1317;;
2021;May;Francuski;Biuro tłumaczeń;Umowa o dzieło;MSP;17;9469;;
2021;May;Hiszpański;Freelancer;Umowa o dzieło;MSP;8;4832;;
2021;May;Hiszpański;Biuro tłumaczeń;Umowa zlecenie;Korporacja;19;12236;;
2021;May;Włoski;Freelancer;Useme.com;Korporacja;4;3132;;
2021;May;Włoski;Biuro tłumaczeń;Umowa zlecenie;JDG;20;10260;;
2021;May;Niderlandzki;Freelancer;Umowa o dzieło;MSP;12;7116;;
2021;May;Niderlandzki;Biuro tłumaczeń;Useme.com;JDG;6;2640;;
2021;May;Czeski;Freelancer;Useme.com;Korporacja;18;9792;;
2021;May;Czeski;Biuro tłumaczeń;Umowa zlecenie;Korporacja;3;1482;;
2021;June;Węgierski;Freelancer;Umowa o dzieło;MSP;2;1562;;
2021;June;Węgierski;Biuro tłumaczeń;Umowa o dzieło;JDG;4;2080;;
2021;June;Angielski;Freelancer;Useme.com;JDG;11;6094;;
2021;June;Angielski;Biuro tłumaczeń;Useme.com;MSP;9;6165;;
2021;June;Niemiecki;Freelancer;Useme.com;MSP;10;4700;;
2021;June;Niemiecki;Biuro tłumaczeń;Useme.com;Korporacja;7;5243;;
2021;June;Francuski;Freelancer;Umowa o dzieło;MSP;20;11720;;
2021;June;Francuski;Biuro tłumaczeń;Umowa o dzieło;JDG;8;4824;;
2021;June;Hiszpański;Freelancer;Useme.com;Korporacja;19;12863;;
2021;June;Hiszpański;Biuro tłumaczeń;Umowa o dzieło;MSP;6;3762;;
2021;June;Włoski;Freelancer;Useme.com;MSP;7;3500;;
2021;June;Włoski;Biuro tłumaczeń;Umowa o dzieło;MSP;14;10052;;
2021;June;Niderlandzki;Freelancer;Useme.com;JDG;2;1426;;
2021;June;Niderlandzki;Biuro tłumaczeń;Useme.com;Korporacja;3;1566;;
2021;June;Czeski;Freelancer;Umowa o dzieło;JDG;9;4410;;
2021;June;Czeski;Biuro tłumaczeń;Umowa zlecenie;Korporacja;1;508;;
2021;July;Węgierski;Freelancer;Useme.com;MSP;14;8120;;
2021;July;Węgierski;Biuro tłumaczeń;Useme.com;JDG;19;9747;;
2021;July;Angielski;Freelancer;Umowa o dzieło;MSP;19;11628;;
2021;July;Angielski;Biuro tłumaczeń;Umowa o dzieło;Korporacja;13;9646;;
2021;July;Niemiecki;Freelancer;Umowa o dzieło;MSP;4;2816;;
2021;July;Niemiecki;Biuro tłumaczeń;Useme.com;JDG;2;1146;;
2021;July;Francuski;Freelancer;Useme.com;Korporacja;2;1124;;
2021;July;Francuski;Biuro tłumaczeń;Umowa o dzieło;JDG;14;6468;;
2021;July;Hiszpański;Freelancer;Umowa zlecenie;Korporacja;3;1365;;
2021;July;Hiszpański;Biuro tłumaczeń;Useme.com;JDG;13;8190;;
2021;July;Włoski;Freelancer;Umowa zlecenie;MSP;12;6816;;
2021;July;Włoski;Biuro tłumaczeń;Useme.com;JDG;10;6820;;
2021;July;Niderlandzki;Freelancer;Umowa zlecenie;MSP;12;9192;;
2021;July;Niderlandzki;Biuro tłumaczeń;Umowa o dzieło;MSP;8;3536;;
2021;July;Czeski;Freelancer;Umowa o dzieło;Korporacja;6;3120;;
2021;July;Czeski;Biuro tłumaczeń;Umowa zlecenie;MSP;12;7008;;
2021;August;Węgierski;Freelancer;Umowa zlecenie;JDG;6;3024;;
2021;August;Węgierski;Biuro tłumaczeń;Umowa o dzieło;JDG;4;2120;;
2021;August;Angielski;Freelancer;Useme.com;MSP;3;1509;;
2021;August;Angielski;Biuro tłumaczeń;Umowa zlecenie;Korporacja;5;2195;;
2021;August;Niemiecki;Freelancer;Useme.com;Korporacja;4;2892;;
2021;August;Niemiecki;Biuro tłumaczeń;Umowa zlecenie;MSP;1;573;;
2021;August;Francuski;Freelancer;Umowa o dzieło;JDG;3;1830;;
2021;August;Francuski;Biuro tłumaczeń;Umowa o dzieło;JDG;20;10860;;
2021;August;Hiszpański;Freelancer;Umowa o dzieło;JDG;12;5400;;
2021;August;Hiszpański;Biuro tłumaczeń;Useme.com;JDG;17;13583;;
2021;August;Włoski;Freelancer;Umowa o dzieło;JDG;10;7770;;
2021;August;Włoski;Biuro tłumaczeń;Umowa o dzieło;JDG;2;1114;;
2021;August;Niderlandzki;Freelancer;Useme.com;MSP;13;9308;;
2021;August;Niderlandzki;Biuro tłumaczeń;Useme.com;Korporacja;14;10710;;
2021;August;Czeski;Freelancer;Useme.com;JDG;13;8463;;
2021;August;Czeski;Biuro tłumaczeń;Useme.com;MSP;18;9774;;
2021;September;Węgierski;Freelancer;Umowa o dzieło;JDG;20;10960;;
2021;September;Węgierski;Biuro tłumaczeń;Umowa o dzieło;Korporacja;11;6149;;
2021;September;Angielski;Freelancer;Umowa o dzieło;Korporacja;19;14003;;
2021;September;Angielski;Biuro tłumaczeń;Umowa zlecenie;Korporacja;3;2283;;
2021;September;Niemiecki;Freelancer;Umowa o dzieło;JDG;15;8910;;
2021;September;Niemiecki;Biuro tłumaczeń;Umowa zlecenie;JDG;9;6723;;
2021;September;Francuski;Freelancer;Umowa zlecenie;Korporacja;14;8946;;
2021;September;Francuski;Biuro tłumaczeń;Useme.com;JDG;11;4994;;
2021;September;Hiszpański;Freelancer;Useme.com;MSP;10;6740;;
2021;September;Hiszpański;Biuro tłumaczeń;Umowa o dzieło;Korporacja;8;4472;;
2021;September;Włoski;Freelancer;Umowa o dzieło;MSP;2;1292;;
2021;September;Włoski;Biuro tłumaczeń;Useme.com;Korporacja;1;787;;
2021;September;Niderlandzki;Freelancer;Useme.com;Korporacja;15;8700;;
2021;September;Niderlandzki;Biuro tłumaczeń;Umowa zlecenie;MSP;5;3060;;
2021;September;Czeski;Freelancer;Umowa o dzieło;MSP;10;4270;;
2021;September;Czeski;Biuro tłumaczeń;Umowa o dzieło;Korporacja;7;4109;;
2021;October;Węgierski;Freelancer;Umowa o dzieło;Korporacja;8;5192;;
2021;October;Węgierski;Biuro tłumaczeń;Umowa o dzieło;Korporacja;3;1965;;
2021;October;Angielski;Freelancer;Umowa zlecenie;MSP;11;7469;;
2021;October;Angielski;Biuro tłumaczeń;Umowa zlecenie;Korporacja;16;8016;;
2021;October;Niemiecki;Freelancer;Umowa zlecenie;Korporacja;1;687;;
2021;October;Niemiecki;Biuro tłumaczeń;Useme.com;MSP;19;14288;;
2021;October;Francuski;Freelancer;Umowa o dzieło;JDG;9;3861;;
2021;October;Francuski;Biuro tłumaczeń;Umowa o dzieło;JDG;10;4040;;
2021;October;Hiszpański;Freelancer;Umowa o dzieło;JDG;2;1476;;
2021;October;Hiszpański;Biuro tłumaczeń;Useme.com;MSP;1;638;;
2021;October;Włoski;Freelancer;Umowa zlecenie;Korporacja;8;4200;;
2021;October;Włoski;Biuro tłumaczeń;Umowa o dzieło;JDG;16;12560;;
2021;October;Niderlandzki;Freelancer;Umowa o dzieło;MSP;7;3178;;
2021;October;Niderlandzki;Biuro tłumaczeń;Umowa o dzieło;MSP;2;1494;;
2021;October;Czeski;Freelancer;Umowa o dzieło;JDG;13;9347;;
2021;October;Czeski;Biuro tłumaczeń;Umowa zlecenie;Korporacja;14;9646;;
2021;November;Węgierski;Freelancer;Umowa zlecenie;JDG;4;3180;;
2021;November;Węgierski;Biuro tłumaczeń;Umowa o dzieło;MSP;1;758;;
2021;November;Angielski;Freelancer;Umowa zlecenie;MSP;18;8424;;
2021;November;Angielski;Biuro tłumaczeń;Useme.com;Korporacja;13;9984;;
2021;November;Niemiecki;Freelancer;Umowa zlecenie;Korporacja;3;1893;;
2021;November;Niemiecki;Biuro tłumaczeń;Umowa o dzieło;Korporacja;10;4790;;
2021;November;Francuski;Freelancer;Umowa zlecenie;MSP;2;1568;;
2021;November;Francuski;Biuro tłumaczeń;Useme.com;Korporacja;16;11408;;
2021;November;Hiszpański;Freelancer;Useme.com;JDG;14;5866;;
2021;November;Hiszpański;Biuro tłumaczeń;Umowa o dzieło;Korporacja;13;6058;;
2021;November;Włoski;Freelancer;Useme.com;Korporacja;11;6468;;
2021;November;Włoski;Biuro tłumaczeń;Umowa zlecenie;Korporacja;1;750;;
2021;November;Niderlandzki;Freelancer;Umowa o dzieło;JDG;9;5418;;
2021;November;Niderlandzki;Biuro tłumaczeń;Useme.com;MSP;2;1494;;
2021;November;Czeski;Freelancer;Umowa zlecenie;JDG;9;4500;;
2021;November;Czeski;Biuro tłumaczeń;Umowa zlecenie;Korporacja;14;10668;;
2021;December;Węgierski;Freelancer;Useme.com;MSP;15;7500;;
2021;December;Węgierski;Biuro tłumaczeń;Useme.com;MSP;16;10640;;
2021;December;Angielski;Freelancer;Useme.com;MSP;8;3200;;
2021;December;Angielski;Biuro tłumaczeń;Umowa zlecenie;JDG;10;4220;;
2021;December;Niemiecki;Freelancer;Useme.com;MSP;5;3785;;
2021;December;Niemiecki;Biuro tłumaczeń;Umowa o dzieło;Korporacja;14;9660;;
2021;December;Francuski;Freelancer;Umowa o dzieło;Korporacja;19;8759;;
2021;December;Francuski;Biuro tłumaczeń;Umowa o dzieło;JDG;11;6930;;
2021;December;Hiszpański;Freelancer;Umowa o dzieło;JDG;7;2996;;
2021;December;Hiszpański;Biuro tłumaczeń;Umowa o dzieło;JDG;10;6330;;
2021;December;Włoski;Freelancer;Useme.com;Korporacja;4;2464;;
2021;December;Włoski;Biuro tłumaczeń;Umowa o dzieło;Korporacja;13;8268;;
2021;December;Niderlandzki;Freelancer;Useme.com;MSP;4;3160;;
2021;December;Niderlandzki;Biuro tłumaczeń;Umowa o dzieło;JDG;12;6108;;
2021;December;Czeski;Freelancer;Umowa o dzieło;MSP;4;3000;;
2021;December;Czeski;Biuro tłumaczeń;Umowa o dzieło;MSP;4;1840;;
2022;January;Węgierski;Freelancer;Umowa zlecenie;JDG;9;6813;;
2022;January;Węgierski;Biuro tłumaczeń;Umowa o dzieło;MSP;17;10081;;
2022;January;Angielski;Freelancer;Useme.com;MSP;13;8034;;
2022;January;Angielski;Biuro tłumaczeń;Umowa o dzieło;JDG;1;688;;
2022;January;Niemiecki;Freelancer;Useme.com;Korporacja;5;3350;;
2022;January;Niemiecki;Biuro tłumaczeń;Umowa zlecenie;MSP;16;10496;;
2022;January;Francuski;Freelancer;Useme.com;Korporacja;1;614;;
2022;January;Francuski;Biuro tłumaczeń;Umowa o dzieło;Korporacja;15;8220;;
2022;January;Hiszpański;Freelancer;Umowa zlecenie;JDG;11;4928;;
2022;January;Hiszpański;Biuro tłumaczeń;Umowa zlecenie;JDG;5;2890;;
2022;January;Włoski;Freelancer;Umowa o dzieło;MSP;7;4095;;
2022;January;Włoski;Biuro tłumaczeń;Useme.com;MSP;14;9170;;
2022;January;Niderlandzki;Freelancer;Useme.com;Korporacja;4;1872;;
2022;January;Niderlandzki;Biuro tłumaczeń;Useme.com;Korporacja;6;3372;;
2022;January;Czeski;Freelancer;Umowa o dzieło;Korporacja;19;13528;;
2022;January;Czeski;Biuro tłumaczeń;Umowa o dzieło;JDG;5;2860;;
2022;February;Węgierski;Freelancer;Umowa o dzieło;MSP;12;6804;;
2022;February;Węgierski;Biuro tłumaczeń;Useme.com;Korporacja;15;11475;;
2022;February;Angielski;Freelancer;Useme.com;Korporacja;3;1221;;
2022;February;Angielski;Biuro tłumaczeń;Umowa zlecenie;Korporacja;15;9705;;
2022;February;Niemiecki;Freelancer;Umowa zlecenie;JDG;13;9178;;
2022;February;Niemiecki;Biuro tłumaczeń;Umowa o dzieło;JDG;10;7230;;
2022;February;Francuski;Freelancer;Umowa o dzieło;Korporacja;12;9300;;
2022;February;Francuski;Biuro tłumaczeń;Umowa o dzieło;MSP;7;4886;;
2022;February;Hiszpański;Freelancer;Umowa o dzieło;MSP;15;6735;;
2022;February;Hiszpański;Biuro tłumaczeń;Umowa zlecenie;MSP;5;2565;;
2022;February;Włoski;Freelancer;Useme.com;JDG;16;9952;;
2022;February;Włoski;Biuro tłumaczeń;Umowa zlecenie;Korporacja;1;446;;
2022;February;Niderlandzki;Freelancer;Umowa o dzieło;MSP;2;1288;;
2022;February;Niderlandzki;Biuro tłumaczeń;Umowa o dzieło;MSP;10;4090;;
2022;February;Czeski;Freelancer;Umowa o dzieło;JDG;3;1734;;
2022;February;Czeski;Biuro tłumaczeń;Umowa o dzieło;Korporacja;20;12400;;
2022;March;Węgierski;Freelancer;Useme.com;JDG;9;4752;;
2022;March;Węgierski;Biuro tłumaczeń;Umowa o dzieło;Korporacja;13;5343;;
2022;March;Angielski;Freelancer;Useme.com;JDG;4;1840;;
2022;March;Angielski;Biuro tłumaczeń;Useme.com;Korporacja;12;7080;;
2022;March;Niemiecki;Freelancer;Umowa o dzieło;MSP;13;10387;;
2022;March;Niemiecki;Biuro tłumaczeń;Useme.com;MSP;2;964;;
2022;March;Francuski;Freelancer;Useme.com;MSP;6;4056;;
2022;March;Francuski;Biuro tłumaczeń;Umowa o dzieło;Korporacja;2;992;;
2022;March;Hiszpański;Freelancer;Umowa o dzieło;JDG;17;7072;;
2022;March;Hiszpański;Biuro tłumaczeń;Useme.com;JDG;4;2404;;
2022;March;Włoski;Freelancer;Umowa zlecenie;MSP;19;12844;;
2022;March;Włoski;Biuro tłumaczeń;Umowa o dzieło;MSP;13;5902;;
2022;March;Niderlandzki;Freelancer;Useme.com;JDG;9;4842;;
2022;March;Niderlandzki;Biuro tłumaczeń;Useme.com;JDG;18;9900;;
2022;March;Czeski;Freelancer;Useme.com;Korporacja;19;14060;;
2022;March;Czeski;Biuro tłumaczeń;Umowa o dzieło;MSP;14;10164;;
2022;April;Węgierski;Freelancer;Useme.com;JDG;7;3213;;
2022;April;Węgierski;Biuro tłumaczeń;Useme.com;Korporacja;9;5427;;
2022;April;Angielski;Freelancer;Umowa o dzieło;MSP;10;4960;;
2022;April;Angielski;Biuro tłumaczeń;Umowa zlecenie;MSP;5;2365;;
2022;April;Niemiecki;Freelancer;Useme.com;MSP;5;2900;;
2022;April;Niemiecki;Biuro tłumaczeń;Umowa zlecenie;JDG;6;3168;;
2022;April;Francuski;Freelancer;Umowa o dzieło;MSP;16;10128;;
2022;April;Francuski;Biuro tłumaczeń;Umowa zlecenie;JDG;11;6743;;
2022;April;Hiszpański;Freelancer;Umowa zlecenie;JDG;8;3336;;
2022;April;Hiszpański;Biuro tłumaczeń;Umowa o dzieło;Korporacja;19;11305;;
2022;April;Włoski;Freelancer;Umowa zlecenie;JDG;8;6008;;
2022;April;Włoski;Biuro tłumaczeń;Umowa zlecenie;JDG;8;3304;;
2022;April;Niderlandzki;Freelancer;Useme.com;Korporacja;8;6248;;
2022;April;Niderlandzki;Biuro tłumaczeń;Useme.com;Korporacja;11;8591;;
2022;April;Czeski;Freelancer;Umowa o dzieło;MSP;7;3969;;
2022;April;Czeski;Biuro tłumaczeń;Umowa o dzieło;JDG;17;10217;;
2022;May;Węgierski;Freelancer;Umowa zlecenie;JDG;16;9808;;
2022;May;Węgierski;Biuro tłumaczeń;Umowa zlecenie;JDG;2;1400;;
2022;May;Angielski;Freelancer;Useme.com;JDG;13;5824;;
2022;May;Angielski;Biuro tłumaczeń;Useme.com;JDG;6;2574;;
2022;May;Niemiecki;Freelancer;Umowa zlecenie;Korporacja;15;11850;;
2022;May;Niemiecki;Biuro tłumaczeń;Umowa zlecenie;JDG;20;10400;;
2022;May;Francuski;Freelancer;Useme.com;JDG;1;547;;
2022;May;Francuski;Biuro tłumaczeń;Umowa o dzieło;JDG;7;4074;;
2022;May;Hiszpański;Freelancer;Useme.com;MSP;2;942;;
2022;May;Hiszpański;Biuro tłumaczeń;Umowa o dzieło;JDG;16;11824;;
2022;May;Włoski;Freelancer;Umowa zlecenie;MSP;2;1526;;
2022;May;Włoski;Biuro tłumaczeń;Umowa o dzieło;JDG;9;6066;;
2022;May;Niderlandzki;Freelancer;Useme.com;MSP;12;8544;;
2022;May;Niderlandzki;Biuro tłumaczeń;Useme.com;Korporacja;16;8128;;
2022;May;Czeski;Freelancer;Umowa zlecenie;MSP;15;7890;;
2022;May;Czeski;Biuro tłumaczeń;Umowa zlecenie;JDG;18;10224;;
2022;June;Węgierski;Freelancer;Umowa o dzieło;MSP;18;9162;;
2022;June;Węgierski;Biuro tłumaczeń;Umowa zlecenie;MSP;6;4596;;
2022;June;Angielski;Freelancer;Useme.com;MSP;14;7098;;
2022;June;Angielski;Biuro tłumaczeń;Umowa zlecenie;JDG;5;3830;;
2022;June;Niemiecki;Freelancer;Umowa zlecenie;MSP;12;6252;;
2022;June;Niemiecki;Biuro tłumaczeń;Umowa o dzieło;MSP;18;9756;;
2022;June;Francuski;Freelancer;Useme.com;JDG;18;12924;;
2022;June;Francuski;Biuro tłumaczeń;Umowa o dzieło;Korporacja;19;14440;;
2022;June;Hiszpański;Freelancer;Umowa o dzieło;MSP;13;6110;;
2022;June;Hiszpański;Biuro tłumaczeń;Umowa o dzieło;Korporacja;11;6248;;
2022;June;Włoski;Freelancer;Umowa o dzieło;Korporacja;10;5130;;
2022;June;Włoski;Biuro tłumaczeń;Umowa o dzieło;MSP;2;942;;
2022;June;Niderlandzki;Freelancer;Useme.com;Korporacja;19;10697;;
2022;June;Niderlandzki;Biuro tłumaczeń;Umowa zlecenie;MSP;3;2034;;
2022;June;Czeski;Freelancer;Useme.com;MSP;4;2680;;
2022;June;Czeski;Biuro tłumaczeń;Umowa zlecenie;MSP;13;6019;;
2022;July;Węgierski;Freelancer;Useme.com;Korporacja;4;3012;;
2022;July;Węgierski;Biuro tłumaczeń;Useme.com;JDG;20;9620;;
2022;July;Angielski;Freelancer;Umowa o dzieło;MSP;6;3234;;
2022;July;Angielski;Biuro tłumaczeń;Umowa zlecenie;Korporacja;5;3030;;
2022;July;Niemiecki;Freelancer;Umowa zlecenie;MSP;3;1524;;
2022;July;Niemiecki;Biuro tłumaczeń;Umowa zlecenie;JDG;2;978;;
2022;July;Francuski;Freelancer;Useme.com;Korporacja;15;8850;;
2022;July;Francuski;Biuro tłumaczeń;Umowa zlecenie;MSP;20;8320;;
2022;July;Hiszpański;Freelancer;Umowa zlecenie;MSP;16;12480;;
2022;July;Hiszpański;Biuro tłumaczeń;Umowa o dzieło;Korporacja;2;900;;
2022;July;Włoski;Freelancer;Umowa o dzieło;MSP;20;15640;;
2022;July;Włoski;Biuro tłumaczeń;Umowa o dzieło;Korporacja;10;7520;;
2022;July;Niderlandzki;Freelancer;Useme.com;JDG;8;5192;;
2022;July;Niderlandzki;Biuro tłumaczeń;Umowa o dzieło;JDG;2;1166;;
2022;July;Czeski;Freelancer;Useme.com;MSP;6;3354;;
2022;July;Czeski;Biuro tłumaczeń;Umowa o dzieło;MSP;14;10976;;
2022;August;Węgierski;Freelancer;Useme.com;Korporacja;3;1353;;
2022;August;Węgierski;Biuro tłumaczeń;Umowa zlecenie;JDG;17;9044;;
2022;August;Angielski;Freelancer;Umowa o dzieło;JDG;7;5173;;
2022;August;Angielski;Biuro tłumaczeń;Umowa o dzieło;JDG;9;3708;;
2022;August;Niemiecki;Freelancer;Useme.com;MSP;7;3542;;
2022;August;Niemiecki;Biuro tłumaczeń;Umowa zlecenie;MSP;16;10016;;
2022;August;Francuski;Freelancer;Umowa o dzieło;Korporacja;7;3444;;
2022;August;Francuski;Biuro tłumaczeń;Useme.com;MSP;19;13376;;
2022;August;Hiszpański;Freelancer;Useme.com;JDG;12;6432;;
2022;August;Hiszpański;Biuro tłumaczeń;Useme.com;JDG;3;1692;;
2022;August;Włoski;Freelancer;Umowa zlecenie;JDG;4;1652;;
2022;August;Włoski;Biuro tłumaczeń;Umowa zlecenie;MSP;13;5499;;
2022;August;Niderlandzki;Freelancer;Useme.com;MSP;7;5334;;
2022;August;Niderlandzki;Biuro tłumaczeń;Umowa zlecenie;MSP;15;11550;;
2022;August;Czeski;Freelancer;Umowa zlecenie;JDG;1;533;;
2022;August;Czeski;Biuro tłumaczeń;Umowa o dzieło;MSP;18;9630;;
2022;September;Węgierski;Freelancer;Umowa zlecenie;JDG;16;10944;;
2022;September;Węgierski;Biuro tłumaczeń;Umowa o dzieło;MSP;6;4596;;
2022;September;Angielski;Freelancer;Useme.com;JDG;20;15180;;
2022;September;Angielski;Biuro tłumaczeń;Umowa zlecenie;Korporacja;5;3910;;
2022;September;Niemiecki;Freelancer;Umowa o dzieło;Korporacja;14;9114;;
2022;September;Niemiecki;Biuro tłumaczeń;Useme.com;JDG;3;2157;;
2022;September;Francuski;Freelancer;Umowa o dzieło;JDG;5;3845;;
2022;September;Francuski;Biuro tłumaczeń;Useme.com;Korporacja;19;12445;;
2022;September;Hiszpański;Freelancer;Umowa zlecenie;MSP;17;11645;;
2022;September;Hiszpański;Biuro tłumaczeń;Umowa zlecenie;Korporacja;10;7480;;
2022;September;Włoski;Freelancer;Umowa o dzieło;Korporacja;8;4832;;
2022;September;Włoski;Biuro tłumaczeń;Umowa zlecenie;MSP;15;11220;;
2022;September;Niderlandzki;Freelancer;Umowa zlecenie;JDG;19;9386;;
2022;September;Niderlandzki;Biuro tłumaczeń;Useme.com;JDG;12;7908;;
2022;September;Czeski;Freelancer;Umowa o dzieło;MSP;4;2228;;
2022;September;Czeski;Biuro tłumaczeń;Umowa zlecenie;Korporacja;18;10458;;
2022;October;Węgierski;Freelancer;Useme.com;Korporacja;11;5885;;
2022;October;Węgierski;Biuro tłumaczeń;Umowa o dzieło;JDG;1;470;;
2022;October;Angielski;Freelancer;Umowa zlecenie;MSP;12;8652;;
2022;October;Angielski;Biuro tłumaczeń;Umowa zlecenie;JDG;2;830;;
2022;October;Niemiecki;Freelancer;Useme.com;JDG;12;7080;;
2022;October;Niemiecki;Biuro tłumaczeń;Umowa o dzieło;Korporacja;4;1928;;
2022;October;Francuski;Freelancer;Useme.com;Korporacja;10;4430;;
2022;October;Francuski;Biuro tłumaczeń;Umowa o dzieło;MSP;20;11720;;
2022;October;Hiszpański;Freelancer;Useme.com;JDG;13;9672;;
2022;October;Hiszpański;Biuro tłumaczeń;Umowa o dzieło;JDG;5;3110;;
2022;October;Włoski;Freelancer;Umowa o dzieło;JDG;7;3780;;
2022;October;Włoski;Biuro tłumaczeń;Useme.com;JDG;7;5040;;
2022;October;Niderlandzki;Freelancer;Umowa o dzieło;Korporacja;3;2337;;
2022;October;Niderlandzki;Biuro tłumaczeń;Useme.com;JDG;15;10740;;
2022;October;Czeski;Freelancer;Umowa zlecenie;MSP;1;462;;
2022;October;Czeski;Biuro tłumaczeń;Umowa o dzieło;JDG;3;1386;;
2022;November;Węgierski;Freelancer;Umowa o dzieło;JDG;5;3875;;
2022;November;Węgierski;Biuro tłumaczeń;Umowa o dzieło;Korporacja;1;459;;
2022;November;Angielski;Freelancer;Umowa zlecenie;Korporacja;15;10305;;
2022;November;Angielski;Biuro tłumaczeń;Umowa o dzieło;JDG;12;6516;;
2022;November;Niemiecki;Freelancer;Umowa o dzieło;Korporacja;14;7364;;
2022;November;Niemiecki;Biuro tłumaczeń;Umowa zlecenie;MSP;9;3771;;
2022;November;Francuski;Freelancer;Useme.com;JDG;17;11016;;
2022;November;Francuski;Biuro tłumaczeń;Umowa zlecenie;JDG;5;3875;;
2022;November;Hiszpański;Freelancer;Useme.com;Korporacja;3;2364;;
2022;November;Hiszpański;Biuro tłumaczeń;Useme.com;Korporacja;11;6512;;
2022;November;Włoski;Freelancer;Umowa o dzieło;Korporacja;4;1728;;
2022;November;Włoski;Biuro tłumaczeń;Umowa zlecenie;MSP;15;11925;;
2022;November;Niderlandzki;Freelancer;Useme.com;JDG;2;932;;
2022;November;Niderlandzki;Biuro tłumaczeń;Umowa zlecenie;MSP;13;7852;;
2022;November;Czeski;Freelancer;Useme.com;JDG;20;12920;;
2022;November;Czeski;Biuro tłumaczeń;Umowa zlecenie;Korporacja;11;5819;;
2022;December;Węgierski;Freelancer;Umowa zlecenie;MSP;1;618;;
2022;December;Węgierski;Biuro tłumaczeń;Useme.com;MSP;3;1611;;
2022;December;Angielski;Freelancer;Useme.com;JDG;18;11862;;
2022;December;Angielski;Biuro tłumaczeń;Useme.com;JDG;9;6192;;
2022;December;Niemiecki;Freelancer;Umowa zlecenie;MSP;2;802;;
2022;December;Niemiecki;Biuro tłumaczeń;Useme.com;MSP;2;1092;;
2022;December;Francuski;Freelancer;Useme.com;Korporacja;6;4200;;
2022;December;Francuski;Biuro tłumaczeń;Umowa o dzieło;MSP;9;6021;;
2022;December;Hiszpański;Freelancer;Umowa zlecenie;JDG;6;2760;;
2022;December;Hiszpański;Biuro tłumaczeń;Umowa zlecenie;Korporacja;16;9424;;
2022;December;Włoski;Freelancer;Umowa zlecenie;Korporacja;7;5537;;
2022;December;Włoski;Biuro tłumaczeń;Umowa o dzieło;MSP;1;468;;
2022;December;Niderlandzki;Freelancer;Umowa o dzieło;MSP;3;2094;;
2022;December;Niderlandzki;Biuro tłumaczeń;Useme.com;MSP;12;7836;;
2022;December;Czeski;Freelancer;Useme.com;JDG;19;9348;;
2022;December;Czeski;Biuro tłumaczeń;Umowa zlecenie;MSP;9;4527;;
2023;January;Węgierski;Freelancer;Umowa zlecenie;JDG;4;2548;;
2023;January;Węgierski;Biuro tłumaczeń;Useme.com;JDG;1;704;;
2023;January;Angielski;Freelancer;Umowa o dzieło;Korporacja;11;5379;;
2023;January;Angielski;Biuro tłumaczeń;Umowa zlecenie;Korporacja;10;4090;;
2023;January;Niemiecki;Freelancer;Umowa o dzieło;Korporacja;8;3224;;
2023;January;Niemiecki;Biuro tłumaczeń;Umowa zlecenie;Korporacja;5;2205;;
2023;January;Francuski;Freelancer;Useme.com;JDG;3;2241;;
2023;January;Francuski;Biuro tłumaczeń;Umowa zlecenie;JDG;13;9243;;
2023;January;Hiszpański;Freelancer;Useme.com;Korporacja;9;5598;;
2023;January;Hiszpański;Biuro tłumaczeń;Umowa o dzieło;MSP;17;11458;;
2023;January;Włoski;Freelancer;Umowa o dzieło;Korporacja;2;1478;;
2023;January;Włoski;Biuro tłumaczeń;Umowa o dzieło;MSP;16;9472;;
2023;January;Niderlandzki;Freelancer;Umowa zlecenie;MSP;2;1400;;
2023;January;Niderlandzki;Biuro tłumaczeń;Useme.com;MSP;12;9192;;
2023;January;Czeski;Freelancer;Umowa o dzieło;JDG;1;737;;
2023;January;Czeski;Biuro tłumaczeń;Umowa o dzieło;MSP;15;9345;;
2023;February;Węgierski;Freelancer;Umowa o dzieło;Korporacja;2;874;;
2023;February;Węgierski;Biuro tłumaczeń;Useme.com;JDG;16;7968;;
2023;February;Angielski;Freelancer;Useme.com;Korporacja;13;6357;;
2023;February;Angielski;Biuro tłumaczeń;Umowa zlecenie;JDG;16;7472;;
2023;February;Niemiecki;Freelancer;Umowa o dzieło;JDG;18;10368;;
2023;February;Niemiecki;Biuro tłumaczeń;Useme.com;Korporacja;12;6456;;
2023;February;Francuski;Freelancer;Umowa o dzieło;Korporacja;4;2860;;
2023;February;Francuski;Biuro tłumaczeń;Umowa o dzieło;JDG;12;8856;;
2023;February;Hiszpański;Freelancer;Useme.com;MSP;3;1326;;
2023;February;Hiszpański;Biuro tłumaczeń;Umowa zlecenie;JDG;2;1284;;
2023;February;Włoski;Freelancer;Useme.com;Korporacja;17;12835;;
2023;February;Włoski;Biuro tłumaczeń;Umowa zlecenie;Korporacja;8;4672;;
2023;February;Niderlandzki;Freelancer;Umowa o dzieło;Korporacja;13;7813;;
2023;February;Niderlandzki;Biuro tłumaczeń;Useme.com;JDG;2;934;;
2023;February;Czeski;Freelancer;Useme.com;MSP;7;3542;;
2023;February;Czeski;Biuro tłumaczeń;Umowa o dzieło;Korporacja;14;5992;;
2023;March;Węgierski;Freelancer;Umowa zlecenie;JDG;12;9372;;
2023;March;Węgierski;Biuro tłumaczeń;Umowa zlecenie;JDG;20;13980;;
2023;March;Angielski;Freelancer;Umowa zlecenie;JDG;19;12122;;
2023;March;Angielski;Biuro tłumaczeń;Umowa o dzieło;JDG;1;468;;
2023;March;Niemiecki;Freelancer;Umowa o dzieło;MSP;2;1484;;
2023;March;Niemiecki;Biuro tłumaczeń;Umowa zlecenie;Korporacja;20;12400;;
2023;March;Francuski;Freelancer;Umowa o dzieło;MSP;17;8075;;
2023;March;Francuski;Biuro tłumaczeń;Umowa o dzieło;MSP;6;3816;;
2023;March;Hiszpański;Freelancer;Useme.com;JDG;19;14136;;
2023;March;Hiszpański;Biuro tłumaczeń;Useme.com;Korporacja;15;11205;;
2023;March;Włoski;Freelancer;Umowa o dzieło;MSP;12;7896;;
2023;March;Włoski;Biuro tłumaczeń;Umowa o dzieło;Korporacja;13;10322;;
2023;March;Niderlandzki;Freelancer;Umowa zlecenie;Korporacja;14;6496;;
2023;March;Niderlandzki;Biuro tłumaczeń;Umowa o dzieło;Korporacja;3;1896;;
2023;March;Czeski;Freelancer;Umowa o dzieło;MSP;5;3665;;
2023;March;Czeski;Biuro tłumaczeń;Umowa o dzieło;Korporacja;1;420;;
2023;April;Węgierski;Freelancer;Useme.com;Korporacja;1;555;;
2023;April;Węgierski;Biuro tłumaczeń;Useme.com;MSP;13;10192;;
2023;April;Angielski;Freelancer;Umowa zlecenie;MSP;13;5369;;
2023;April;Angielski;Biuro tłumaczeń;Useme.com;Korporacja;1;592;;
2023;April;Niemiecki;Freelancer;Umowa o dzieło;JDG;3;1962;;
2023;April;Niemiecki;Biuro tłumaczeń;Useme.com;MSP;6;4224;;
2023;April;Francuski;Freelancer;Umowa o dzieło;MSP;19;15143;;
2023;April;Francuski;Biuro tłumaczeń;Umowa zlecenie;MSP;19;8379;;
2023;April;Hiszpański;Freelancer;Umowa o dzieło;MSP;5;3915;;
2023;April;Hiszpański;Biuro tłumaczeń;Umowa o dzieło;JDG;13;8463;;
2023;April;Włoski;Freelancer;Umowa o dzieło;JDG;2;1218;;
2023;April;Włoski;Biuro tłumaczeń;Umowa zlecenie;JDG;6;3990;;
2023;April;Niderlandzki;Freelancer;Useme.com;JDG;4;2668;;
2023;April;Niderlandzki;Biuro tłumaczeń;Umowa zlecenie;JDG;10;5310;;
2023;April;Czeski;Freelancer;Useme.com;MSP;12;8676;;
2023;April;Czeski;Biuro tłumaczeń;Umowa zlecenie;JDG;19;8379;;
2023;May;Węgierski;Freelancer;Useme.com;Korporacja;10;5390;;
2023;May;Węgierski;Biuro tłumaczeń;Umowa o dzieło;MSP;18;14076;;
2023;May;Angielski;Freelancer;Useme.com;Korporacja;2;1226;;
2023;May;Angielski;Biuro tłumaczeń;Useme.com;Korporacja;11;5060;;
2023;May;Niemiecki;Freelancer;Umowa zlecenie;JDG;15;10365;;
2023;May;Niemiecki;Biuro tłumaczeń;Useme.com;JDG;16;10928;;
2023;May;Francuski;Freelancer;Umowa zlecenie;JDG;5;3240;;
2023;May;Francuski;Biuro tłumaczeń;Useme.com;JDG;6;3576;;
2023;May;Hiszpański;Freelancer;Useme.com;MSP;1;557;;
2023;May;Hiszpański;Biuro tłumaczeń;Useme.com;Korporacja;20;13080;;
2023;May;Włoski;Freelancer;Umowa o dzieło;MSP;4;1628;;
2023;May;Włoski;Biuro tłumaczeń;Umowa o dzieło;Korporacja;10;7060;;
2023;May;Niderlandzki;Freelancer;Useme.com;Korporacja;8;4512;;
2023;May;Niderlandzki;Biuro tłumaczeń;Umowa o dzieło;JDG;2;1406;;
2023;May;Czeski;Freelancer;Umowa zlecenie;Korporacja;8;3288;;
2023;May;Czeski;Biuro tłumaczeń;Umowa zlecenie;MSP;20;14880;;
2023;June;Węgierski;Freelancer;Useme.com;JDG;3;2169;;
2023;June;Węgierski;Biuro tłumaczeń;Useme.com;MSP;4;2844;;
2023;June;Angielski;Freelancer;Umowa o dzieło;Korporacja;9;5688;;
2023;June;Angielski;Biuro tłumaczeń;Useme.com;MSP;4;3088;;
2023;June;Niemiecki;Freelancer;Umowa o dzieło;JDG;8;5504;;
2023;June;Niemiecki;Biuro tłumaczeń;Umowa zlecenie;JDG;9;5778;;
2023;June;Francuski;Freelancer;Umowa o dzieło;JDG;2;1208;;
2023;June;Francuski;Biuro tłumaczeń;Umowa zlecenie;Korporacja;12;5808;;
2023;June;Hiszpański;Freelancer;Umowa o dzieło;JDG;13;5941;;
2023;June;Hiszpański;Biuro tłumaczeń;Umowa o dzieło;JDG;11;5599;;
2023;June;Włoski;Freelancer;Useme.com;Korporacja;19;8056;;
2023;June;Włoski;Biuro tłumaczeń;Useme.com;JDG;6;2874;;
2023;June;Niderlandzki;Freelancer;Umowa zlecenie;MSP;7;3850;;
2023;June;Niderlandzki;Biuro tłumaczeń;Umowa zlecenie;MSP;2;1440;;
2023;June;Czeski;Freelancer;Umowa o dzieło;MSP;4;2008;;
2023;June;Czeski;Biuro tłumaczeń;Umowa zlecenie;Korporacja;2;1164;;
2023;July;Węgierski;Freelancer;Umowa zlecenie;MSP;13;6825;;
2023;July;Węgierski;Biuro tłumaczeń;Umowa o dzieło;JDG;11;5522;;
2023;July;Angielski;Freelancer;Useme.com;JDG;19;11514;;
2023;July;Angielski;Biuro tłumaczeń;Useme.com;Korporacja;3;1884;;
2023;July;Niemiecki;Freelancer;Umowa zlecenie;Korporacja;4;1984;;
2023;July;Niemiecki;Biuro tłumaczeń;Umowa zlecenie;JDG;16;8896;;
2023;July;Francuski;Freelancer;Umowa zlecenie;JDG;20;13460;;
2023;July;Francuski;Biuro tłumaczeń;Useme.com;Korporacja;18;9846;;
2023;July;Hiszpański;Freelancer;Useme.com;MSP;13;7410;;
2023;July;Hiszpański;Biuro tłumaczeń;Umowa zlecenie;Korporacja;7;2814;;
2023;July;Włoski;Freelancer;Useme.com;JDG;4;3076;;
2023;July;Włoski;Biuro tłumaczeń;Useme.com;Korporacja;2;1066;;
2023;July;Niderlandzki;Freelancer;Useme.com;Korporacja;8;5400;;
2023;July;Niderlandzki;Biuro tłumaczeń;Umowa zlecenie;MSP;7;4172;;
2023;July;Czeski;Freelancer;Umowa zlecenie;Korporacja;4;2608;;
2023;July;Czeski;Biuro tłumaczeń;Umowa o dzieło;Korporacja;20;13960;;
2023;August;Węgierski;Freelancer;Umowa zlecenie;Korporacja;2;1216;;
2023;August;Węgierski;Biuro tłumaczeń;Umowa o dzieło;Korporacja;20;12840;;
2023;August;Angielski;Freelancer;Umowa zlecenie;Korporacja;18;7884;;
2023;August;Angielski;Biuro tłumaczeń;Umowa zlecenie;Korporacja;4;2488;;
2023;August;Niemiecki;Freelancer;Umowa o dzieło;JDG;8;4456;;
2023;August;Niemiecki;Biuro tłumaczeń;Umowa o dzieło;JDG;2;1042;;
2023;August;Francuski;Freelancer;Useme.com;MSP;19;13509;;
2023;August;Francuski;Biuro tłumaczeń;Useme.com;JDG;2;1212;;
2023;August;Hiszpański;Freelancer;Umowa o dzieło;Korporacja;9;4140;;
2023;August;Hiszpański;Biuro tłumaczeń;Umowa o dzieło;Korporacja;14;6034;;
2023;August;Włoski;Freelancer;Useme.com;Korporacja;3;2154;;
2023;August;Włoski;Biuro tłumaczeń;Umowa zlecenie;JDG;14;9128;;
2023;August;Niderlandzki;Freelancer;Umowa o dzieło;Korporacja;8;4360;;
2023;August;Niderlandzki;Biuro tłumaczeń;Umowa o dzieło;JDG;1;670;;
2023;August;Czeski;Freelancer;Umowa o dzieło;JDG;19;9120;;
2023;August;Czeski;Biuro tłumaczeń;Umowa zlecenie;JDG;7;4648;;
2023;September;Węgierski;Freelancer;Useme.com;Korporacja;7;2835;;
2023;September;Węgierski;Biuro tłumaczeń;Umowa o dzieło;MSP;15;11955;;
2023;September;Angielski;Freelancer;Umowa o dzieło;JDG;3;1584;;
2023;September;Angielski;Biuro tłumaczeń;Umowa o dzieło;JDG;9;7164;;
2023;September;Niemiecki;Freelancer;Useme.com;JDG;18;12240;;
2023;September;Niemiecki;Biuro tłumaczeń;Umowa o dzieło;Korporacja;7;3409;;
2023;September;Francuski;Freelancer;Umowa o dzieło;MSP;6;2730;;
2023;September;Francuski;Biuro tłumaczeń;Useme.com;Korporacja;20;8780;;
2023;September;Hiszpański;Freelancer;Umowa zlecenie;JDG;17;11628;;
2023;September;Hiszpański;Biuro tłumaczeń;Umowa zlecenie;JDG;7;2954;;
2023;September;Włoski;Freelancer;Umowa zlecenie;Korporacja;17;8959;;
2023;September;Włoski;Biuro tłumaczeń;Umowa zlecenie;Korporacja;19;11115;;
2023;September;Niderlandzki;Freelancer;Useme.com;Korporacja;2;1596;;
2023;September;Niderlandzki;Biuro tłumaczeń;Umowa zlecenie;JDG;9;5211;;
2023;September;Czeski;Freelancer;Umowa o dzieło;Korporacja;5;2725;;
2023;September;Czeski;Biuro tłumaczeń;Umowa o dzieło;JDG;4;1664;;
2023;October;Węgierski;Freelancer;Umowa zlecenie;Korporacja;5;2280;;
2023;October;Węgierski;Biuro tłumaczeń;Useme.com;MSP;15;7695;;
2023;October;Angielski;Freelancer;Umowa zlecenie;MSP;4;2156;;
2023;October;Angielski;Biuro tłumaczeń;Umowa zlecenie;Korporacja;18;7632;;
2023;October;Niemiecki;Freelancer;Umowa zlecenie;Korporacja;3;1983;;
2023;October;Niemiecki;Biuro tłumaczeń;Useme.com;JDG;7;2842;;
2023;October;Francuski;Freelancer;Umowa o dzieło;Korporacja;19;14649;;
2023;October;Francuski;Biuro tłumaczeń;Useme.com;Korporacja;12;8460;;
2023;October;Hiszpański;Freelancer;Umowa zlecenie;Korporacja;4;2860;;
2023;October;Hiszpański;Biuro tłumaczeń;Umowa zlecenie;Korporacja;14;5600;;
2023;October;Włoski;Freelancer;Umowa o dzieło;JDG;5;2455;;
2023;October;Włoski;Biuro tłumaczeń;Umowa zlecenie;MSP;1;611;;
2023;October;Niderlandzki;Freelancer;Useme.com;MSP;9;4896;;
2023;October;Niderlandzki;Biuro tłumaczeń;Umowa zlecenie;Korporacja;9;6642;;
2023;October;Czeski;Freelancer;Useme.com;Korporacja;7;4480;;
2023;October;Czeski;Biuro tłumaczeń;Useme.com;JDG;12;6360;;
2023;November;Węgierski;Freelancer;Useme.com;Korporacja;19;7695;;
2023;November;Węgierski;Biuro tłumaczeń;Useme.com;JDG;10;6200;;
2023;November;Angielski;Freelancer;Umowa zlecenie;JDG;17;9384;;
2023;November;Angielski;Biuro tłumaczeń;Umowa o dzieło;JDG;17;12597;;
2023;November;Niemiecki;Freelancer;Umowa o dzieło;MSP;13;5252;;
2023;November;Niemiecki;Biuro tłumaczeń;Umowa o dzieło;MSP;3;2223;;
2023;November;Francuski;Freelancer;Useme.com;Korporacja;19;7714;;
2023;November;Francuski;Biuro tłumaczeń;Umowa o dzieło;JDG;6;2532;;
2023;November;Hiszpański;Freelancer;Umowa o dzieło;MSP;5;2255;;
2023;November;Hiszpański;Biuro tłumaczeń;Umowa zlecenie;Korporacja;19;15162;;
2023;November;Włoski;Freelancer;Umowa zlecenie;JDG;15;10935;;
2023;November;Włoski;Biuro tłumaczeń;Useme.com;Korporacja;18;8694;;
2023;November;Niderlandzki;Freelancer;Umowa zlecenie;JDG;20;11980;;
2023;November;Niderlandzki;Biuro tłumaczeń;Useme.com;MSP;14;10822;;
2023;November;Czeski;Freelancer;Useme.com;Korporacja;12;6804;;
2023;November;Czeski;Biuro tłumaczeń;Useme.com;JDG;18;14382;;
2023;December;Węgierski;Freelancer;Umowa o dzieło;Korporacja;13;6916;;
2023;December;Węgierski;Biuro tłumaczeń;Useme.com;Korporacja;15;9975;;
2023;December;Angielski;Freelancer;Umowa zlecenie;JDG;17;13464;;
2023;December;Angielski;Biuro tłumaczeń;Useme.com;Korporacja;19;11590;;
2023;December;Niemiecki;Freelancer;Useme.com;Korporacja;19;13414;;
2023;December;Niemiecki;Biuro tłumaczeń;Umowa o dzieło;JDG;7;3325;;
2023;December;Francuski;Freelancer;Useme.com;MSP;11;6413;;
2023;December;Francuski;Biuro tłumaczeń;Useme.com;MSP;20;11800;;
2023;December;Hiszpański;Freelancer;Umowa o dzieło;Korporacja;10;4830;;
2023;December;Hiszpański;Biuro tłumaczeń;Umowa zlecenie;Korporacja;6;4056;;
2023;December;Włoski;Freelancer;Useme.com;Korporacja;9;5643;;
2023;December;Włoski;Biuro tłumaczeń;Useme.com;Korporacja;17;8262;;
2023;December;Niderlandzki;Freelancer;Useme.com;JDG;13;8307;;
2023;December;Niderlandzki;Biuro tłumaczeń;Useme.com;JDG;11;5269;;
2023;December;Czeski;Freelancer;Umowa zlecenie;Korporacja;14;8932;;
2023;December;Czeski;Biuro tłumaczeń;Umowa o dzieło;MSP;7;5068;;
2024;January;Węgierski;Freelancer;Umowa o dzieło;Korporacja;12;7908;;
2024;January;Węgierski;Biuro tłumaczeń;Umowa o dzieło;MSP;16;11504;;
2024;January;Angielski;Freelancer;Umowa o dzieło;JDG;5;2360;;
2024;January;Angielski;Biuro tłumaczeń;Umowa o dzieło;MSP;12;5076;;
2024;January;Niemiecki;Freelancer;Umowa zlecenie;JDG;6;2778;;
2024;January;Niemiecki;Biuro tłumaczeń;Useme.com;MSP;8;6088;;
2024;January;Francuski;Freelancer;Umowa o dzieło;Korporacja;14;6482;;
2024;January;Francuski;Biuro tłumaczeń;Umowa o dzieło;JDG;16;9792;;
2024;January;Hiszpański;Freelancer;Umowa zlecenie;MSP;6;3462;;
2024;January;Hiszpański;Biuro tłumaczeń;Useme.com;JDG;6;2904;;
2024;January;Włoski;Freelancer;Useme.com;Korporacja;18;9378;;
2024;January;Włoski;Biuro tłumaczeń;Umowa o dzieło;Korporacja;15;8505;;
2024;January;Niderlandzki;Freelancer;Umowa zlecenie;MSP;15;6495;;
2024;January;Niderlandzki;Biuro tłumaczeń;Umowa o dzieło;MSP;3;2199;;
2024;January;Czeski;Freelancer;Useme.com;Korporacja;3;2202;;
2024;January;Czeski;Biuro tłumaczeń;Umowa zlecenie;MSP;14;6468;;
2024;February;Węgierski;Freelancer;Umowa o dzieło;JDG;17;12954;;
2024;February;Węgierski;Biuro tłumaczeń;Umowa o dzieło;Korporacja;18;12726;;
2024;February;Angielski;Freelancer;Useme.com;JDG;5;3065;;
2024;February;Angielski;Biuro tłumaczeń;Useme.com;JDG;16;6992;;
2024;February;Niemiecki;Freelancer;Umowa zlecenie;JDG;15;9945;;
2024;February;Niemiecki;Biuro tłumaczeń;Useme.com;Korporacja;20;12200;;
2024;February;Francuski;Freelancer;Useme.com;MSP;16;10304;;
2024;February;Francuski;Biuro tłumaczeń;Umowa zlecenie;Korporacja;10;4150;;
2024;February;Hiszpański;Freelancer;Useme.com;Korporacja;15;10950;;
2024;February;Hiszpański;Biuro tłumaczeń;Useme.com;Korporacja;9;6966;;
2024;February;Włoski;Freelancer;Useme.com;MSP;15;6780;;
2024;February;Włoski;Biuro tłumaczeń;Umowa o dzieło;JDG;14;7812;;
2024;February;Niderlandzki;Freelancer;Umowa zlecenie;MSP;13;9659;;
2024;February;Niderlandzki;Biuro tłumaczeń;Umowa zlecenie;Korporacja;6;3780;;
2024;February;Czeski;Freelancer;Umowa o dzieło;MSP;13;6916;;
2024;February;Czeski;Biuro tłumaczeń;Umowa o dzieło;Korporacja;4;1924;;
2024;March;Węgierski;Freelancer;Useme.com;MSP;2;1062;;
2024;March;Węgierski;Biuro tłumaczeń;Useme.com;JDG;3;1440;;
2024;March;Angielski;Freelancer;Umowa zlecenie;JDG;11;5984;;
2024;March;Angielski;Biuro tłumaczeń;Useme.com;Korporacja;11;5379;;
2024;March;Niemiecki;Freelancer;Useme.com;JDG;9;6381;;
2024;March;Niemiecki;Biuro tłumaczeń;Umowa zlecenie;MSP;9;6012;;
2024;March;Francuski;Freelancer;Umowa o dzieło;Korporacja;5;3090;;
2024;March;Francuski;Biuro tłumaczeń;Umowa zlecenie;MSP;4;3128;;
2024;March;Hiszpański;Freelancer;Umowa zlecenie;MSP;18;9702;;
2024;March;Hiszpański;Biuro tłumaczeń;Useme.com;MSP;16;10448;;
2024;March;Włoski;Freelancer;Umowa o dzieło;Korporacja;1;589;;
2024;March;Włoski;Biuro tłumaczeń;Umowa zlecenie;Korporacja;14;6580;;
2024;March;Niderlandzki;Freelancer;Umowa o dzieło;JDG;11;8668;;
2024;March;Niderlandzki;Biuro tłumaczeń;Useme.com;Korporacja;15;10125;;
2024;March;Czeski;Freelancer;Umowa zlecenie;MSP;1;449;;
2024;March;Czeski;Biuro tłumaczeń;Umowa zlecenie;JDG;18;13860;;
2024;April;Węgierski;Freelancer;Umowa zlecenie;JDG;19;11647;;
2024;April;Węgierski;Biuro tłumaczeń;Umowa o dzieło;JDG;14;7630;;
2024;April;Angielski;Freelancer;Useme.com;Korporacja;6;4446;;
2024;April;Angielski;Biuro tłumaczeń;Umowa o dzieło;JDG;1;708;;
2024;April;Niemiecki;Freelancer;Umowa o dzieło;JDG;10;7830;;
2024;April;Niemiecki;Biuro tłumaczeń;Umowa zlecenie;Korporacja;16;7376;;
2024;April;Francuski;Freelancer;Umowa o dzieło;JDG;7;4067;;
2024;April;Francuski;Biuro tłumaczeń;Umowa zlecenie;Korporacja;8;3856;;
2024;April;Hiszpański;Freelancer;Umowa zlecenie;Korporacja;12;7908;;
2024;April;Hiszpański;Biuro tłumaczeń;Useme.com;JDG;7;3367;;
2024;April;Włoski;Freelancer;Useme.com;Korporacja;8;5568;;
2024;April;Włoski;Biuro tłumaczeń;Useme.com;JDG;5;3890;;
2024;April;Niderlandzki;Freelancer;Umowa zlecenie;Korporacja;10;5590;;
2024;April;Niderlandzki;Biuro tłumaczeń;Umowa o dzieło;Korporacja;20;8280;;
2024;April;Czeski;Freelancer;Umowa zlecenie;Korporacja;16;7200;;
2024;April;Czeski;Biuro tłumaczeń;Umowa o dzieło;Korporacja;15;6000;;
2024;May;Węgierski;Freelancer;Umowa o dzieło;JDG;15;10770;;
2024;May;Węgierski;Biuro tłumaczeń;Useme.com;Korporacja;2;1084;;
2024;May;Angielski;Freelancer;Umowa zlecenie;JDG;19;13091;;
2024;May;Angielski;Biuro tłumaczeń;Useme.com;Korporacja;1;517;;
2024;May;Niemiecki;Freelancer;Useme.com;Korporacja;18;12438;;
2024;May;Niemiecki;Biuro tłumaczeń;Umowa o dzieło;JDG;14;10542;;
2024;May;Francuski;Freelancer;Useme.com;MSP;1;773;;
2024;May;Francuski;Biuro tłumaczeń;Umowa zlecenie;Korporacja;2;886;;
2024;May;Hiszpański;Freelancer;Umowa o dzieło;MSP;5;2650;;
2024;May;Hiszpański;Biuro tłumaczeń;Umowa o dzieło;MSP;5;2720;;
2024;May;Włoski;Freelancer;Umowa o dzieło;JDG;3;2340;;
2024;May;Włoski;Biuro tłumaczeń;Useme.com;MSP;1;632;;
2024;May;Niderlandzki;Freelancer;Umowa zlecenie;Korporacja;3;1458;;
2024;May;Niderlandzki;Biuro tłumaczeń;Umowa zlecenie;Korporacja;1;699;;
2024;May;Czeski;Freelancer;Umowa zlecenie;JDG;7;4844;;
2024;May;Czeski;Biuro tłumaczeń;Useme.com;JDG;7;3346;;
2024;June;Węgierski;Freelancer;Umowa o dzieło;MSP;14;8512;;
2024;June;Węgierski;Biuro tłumaczeń;Umowa zlecenie;Korporacja;20;13480;;
2024;June;Angielski;Freelancer;Umowa o dzieło;Korporacja;18;9432;;
2024;June;Angielski;Biuro tłumaczeń;Umowa o dzieło;Korporacja;12;8556;;
2024;June;Niemiecki;Freelancer;Umowa o dzieło;MSP;6;2490;;
2024;June;Niemiecki;Biuro tłumaczeń;Umowa zlecenie;Korporacja;1;681;;
2024;June;Francuski;Freelancer;Umowa zlecenie;MSP;9;7047;;
2024;June;Francuski;Biuro tłumaczeń;Umowa zlecenie;Korporacja;5;3280;;
2024;June;Hiszpański;Freelancer;Useme.com;MSP;11;4565;;
2024;June;Hiszpański;Biuro tłumaczeń;Umowa zlecenie;MSP;12;5928;;
2024;June;Włoski;Freelancer;Umowa o dzieło;MSP;2;986;;
2024;June;Włoski;Biuro tłumaczeń;Umowa o dzieło;MSP;9;6390;;
2024;June;Niderlandzki;Freelancer;Useme.com;MSP;2;1480;;
2024;June;Niderlandzki;Biuro tłumaczeń;Umowa zlecenie;MSP;18;10404;;
2024;June;Czeski;Freelancer;Useme.com;JDG;14;9352;;
2024;June;Czeski;Biuro tłumaczeń;Umowa o dzieło;MSP;12;6948;;
2024;July;Węgierski;Freelancer;Useme.com;Korporacja;14;9604;;
2024;July;Węgierski;Biuro tłumaczeń;Useme.com;Korporacja;15;8745;;
2024;July;Angielski;Freelancer;Useme.com;Korporacja;13;5252;;
2024;July;Angielski;Biuro tłumaczeń;Umowa o dzieło;MSP;19;12768;;
2024;July;Niemiecki;Freelancer;Umowa o dzieło;JDG;14;10766;;
2024;July;Niemiecki;Biuro tłumaczeń;Umowa zlecenie;JDG;13;9750;;
2024;July;Francuski;Freelancer;Useme.com;Korporacja;12;7632;;
2024;July;Francuski;Biuro tłumaczeń;Useme.com;JDG;15;10395;;
2024;July;Hiszpański;Freelancer;Umowa o dzieło;JDG;19;8189;;
2024;July;Hiszpański;Biuro tłumaczeń;Umowa zlecenie;JDG;7;2835;;
2024;July;Włoski;Freelancer;Useme.com;Korporacja;3;1626;;
2024;July;Włoski;Biuro tłumaczeń;Umowa o dzieło;JDG;13;10205;;
2024;July;Niderlandzki;Freelancer;Umowa zlecenie;Korporacja;20;12300;;
2024;July;Niderlandzki;Biuro tłumaczeń;Umowa o dzieło;Korporacja;11;5698;;
2024;July;Czeski;Freelancer;Umowa zlecenie;MSP;11;4521;;
2024;July;Czeski;Biuro tłumaczeń;Umowa o dzieło;Korporacja;18;8388;;
2024;August;Węgierski;Freelancer;Useme.com;MSP;9;7137;;
2024;August;Węgierski;Biuro tłumaczeń;Umowa zlecenie;MSP;15;8850;;
2024;August;Angielski;Freelancer;Umowa o dzieło;Korporacja;13;9568;;
2024;August;Angielski;Biuro tłumaczeń;Umowa o dzieło;MSP;6;2712;;
2024;August;Niemiecki;Freelancer;Umowa o dzieło;MSP;15;7890;;
2024;August;Niemiecki;Biuro tłumaczeń;Useme.com;Korporacja;10;5400;;
2024;August;Francuski;Freelancer;Umowa zlecenie;MSP;19;12217;;
2024;August;Francuski;Biuro tłumaczeń;Useme.com;MSP;14;6272;;
2024;August;Hiszpański;Freelancer;Umowa zlecenie;JDG;16;10240;;
2024;August;Hiszpański;Biuro tłumaczeń;Umowa o dzieło;MSP;8;3880;;
2024;August;Włoski;Freelancer;Umowa o dzieło;Korporacja;18;12456;;
2024;August;Włoski;Biuro tłumaczeń;Umowa zlecenie;JDG;9;3987;;
2024;August;Niderlandzki;Freelancer;Umowa zlecenie;Korporacja;3;2385;;
2024;August;Niderlandzki;Biuro tłumaczeń;Useme.com;JDG;19;9975;;
2024;August;Czeski;Freelancer;Useme.com;Korporacja;2;1518;;
2024;August;Czeski;Biuro tłumaczeń;Umowa zlecenie;JDG;14;8428;;
2024;September;Węgierski;Freelancer;Umowa o dzieło;JDG;8;5832;;
2024;September;Węgierski;Biuro tłumaczeń;Umowa zlecenie;JDG;7;4844;;
2024;September;Angielski;Freelancer;Umowa o dzieło;Korporacja;16;10352;;
2024;September;Angielski;Biuro tłumaczeń;Useme.com;MSP;2;1572;;
2024;September;Niemiecki;Freelancer;Umowa zlecenie;Korporacja;6;4278;;
2024;September;Niemiecki;Biuro tłumaczeń;Umowa o dzieło;JDG;13;8411;;
2024;September;Francuski;Freelancer;Umowa zlecenie;MSP;7;3367;;
2024;September;Francuski;Biuro tłumaczeń;Umowa o dzieło;Korporacja;8;5136;;
2024;September;Hiszpański;Freelancer;Umowa zlecenie;Korporacja;14;10136;;
2024;September;Hiszpański;Biuro tłumaczeń;Useme.com;MSP;5;2895;;
2024;September;Włoski;Freelancer;Useme.com;JDG;16;8880;;
2024;September;Włoski;Biuro tłumaczeń;Umowa o dzieło;Korporacja;20;13640;;
2024;September;Niderlandzki;Freelancer;Umowa zlecenie;MSP;9;4761;;
2024;September;Niderlandzki;Biuro tłumaczeń;Umowa o dzieło;Korporacja;9;5715;;
2024;September;Czeski;Freelancer;Umowa o dzieło;JDG;12;6144;;
2024;September;Czeski;Biuro tłumaczeń;Umowa o dzieło;JDG;9;5751;;
2024;October;Węgierski;Freelancer;Umowa o dzieło;Korporacja;11;7854;;
2024;October;Węgierski;Biuro tłumaczeń;Umowa o dzieło;JDG;13;5239;;
2024;October;Angielski;Freelancer;Umowa zlecenie;Korporacja;6;2646;;
2024;October;Angielski;Biuro tłumaczeń;Useme.com;JDG;8;5560;;
2024;October;Niemiecki;Freelancer;Umowa o dzieło;MSP;5;2055;;
2024;October;Niemiecki;Biuro tłumaczeń;Umowa zlecenie;MSP;14;7182;;
2024;October;Francuski;Freelancer;Umowa zlecenie;Korporacja;12;7488;;
2024;October;Francuski;Biuro tłumaczeń;Useme.com;Korporacja;11;7854;;
2024;October;Hiszpański;Freelancer;Umowa o dzieło;Korporacja;10;7750;;
2024;October;Hiszpański;Biuro tłumaczeń;Umowa zlecenie;JDG;14;11018;;
2024;October;Włoski;Freelancer;Umowa zlecenie;MSP;19;11172;;
2024;October;Włoski;Biuro tłumaczeń;Useme.com;Korporacja;19;14079;;
2024;October;Niderlandzki;Freelancer;Umowa o dzieło;Korporacja;12;6084;;
2024;October;Niderlandzki;Biuro tłumaczeń;Umowa zlecenie;JDG;5;3090;;
2024;October;Czeski;Freelancer;Useme.com;JDG;19;9291;;
2024;October;Czeski;Biuro tłumaczeń;Useme.com;JDG;15;10215;;
2024;November;Węgierski;Freelancer;Umowa o dzieło;Korporacja;10;6070;;
2024;November;Węgierski;Biuro tłumaczeń;Umowa zlecenie;MSP;6;2766;;
2024;November;Angielski;Freelancer;Useme.com;JDG;3;1950;;
2024;November;Angielski;Biuro tłumaczeń;Umowa o dzieło;MSP;15;11850;;
2024;November;Niemiecki;Freelancer;Umowa zlecenie;MSP;6;4146;;
2024;November;Niemiecki;Biuro tłumaczeń;Umowa o dzieło;JDG;14;10472;;
2024;November;Francuski;Freelancer;Useme.com;JDG;1;700;;
2024;November;Francuski;Biuro tłumaczeń;Umowa o dzieło;MSP;19;11837;;
2024;November;Hiszpański;Freelancer;Umowa zlecenie;MSP;14;9898;;
2024;November;Hiszpański;Biuro tłumaczeń;Useme.com;JDG;7;3500;;
2024;November;Włoski;Freelancer;Umowa o dzieło;JDG;13;9035;;
2024;November;Włoski;Biuro tłumaczeń;Umowa o dzieło;JDG;10;7420;;
2024;November;Niderlandzki;Freelancer;Umowa o dzieło;JDG;17;7837;;
2024;November;Niderlandzki;Biuro tłumaczeń;Umowa o dzieło;Korporacja;3;2214;;
2024;November;Czeski;Freelancer;Umowa o dzieło;MSP;8;3264;;
2024;November;Czeski;Biuro tłumaczeń;Umowa o dzieło;Korporacja;4;1972;;
2024;December;Węgierski;Freelancer;Umowa zlecenie;Korporacja;15;7650;;
2024;December;Węgierski;Biuro tłumaczeń;Useme.com;Korporacja;4;2520;;
2024;December;Angielski;Freelancer;Useme.com;JDG;3;1344;;
2024;December;Angielski;Biuro tłumaczeń;Useme.com;MSP;18;9774;;
2024;December;Niemiecki;Freelancer;Useme.com;Korporacja;12;7812;;
2024;December;Niemiecki;Biuro tłumaczeń;Umowa o dzieło;Korporacja;19;10944;;
2024;December;Francuski;Freelancer;Useme.com;MSP;18;9684;;
2024;December;Francuski;Biuro tłumaczeń;Umowa o dzieło;Korporacja;12;6120;;
2024;December;Hiszpański;Freelancer;Umowa zlecenie;JDG;14;5656;;
2024;December;Hiszpański;Biuro tłumaczeń;Umowa o dzieło;JDG;7;3962;;
2024;December;Włoski;Freelancer;Umowa zlecenie;JDG;17;11662;;
2024;December;Włoski;Biuro tłumaczeń;Umowa o dzieło;JDG;5;2465;;
2024;December;Niderlandzki;Freelancer;Umowa o dzieło;MSP;18;10314;;
2024;December;Niderlandzki;Biuro tłumaczeń;Umowa o dzieło;MSP;3;1773;;
2024;December;Czeski;Freelancer;Umowa o dzieło;Korporacja;9;6993;;
2024;December;Czeski;Biuro tłumaczeń;Umowa o dzieło;JDG;9;4473;;
2025;January;Węgierski;Freelancer;Useme.com;JDG;18;14310;;
2025;January;Węgierski;Biuro tłumaczeń;Umowa zlecenie;JDG;15;8085;;
2025;January;Angielski;Freelancer;Umowa o dzieło;JDG;3;1845;;
2025;January;Angielski;Biuro tłumaczeń;Umowa zlecenie;MSP;12;8280;;
2025;January;Niemiecki;Freelancer;Useme.com;MSP;10;6370;;
2025;January;Niemiecki;Biuro tłumaczeń;Useme.com;JDG;11;6578;;
2025;January;Francuski;Freelancer;Umowa o dzieło;Korporacja;8;6208;;
2025;January;Francuski;Biuro tłumaczeń;Umowa o dzieło;Korporacja;7;3066;;
2025;January;Hiszpański;Freelancer;Umowa zlecenie;Korporacja;4;2760;;
2025;January;Hiszpański;Biuro tłumaczeń;Umowa zlecenie;JDG;19;14269;;
2025;January;Włoski;Freelancer;Umowa zlecenie;JDG;20;11700;;
2025;January;Włoski;Biuro tłumaczeń;Useme.com;MSP;14;8666;;
2025;January;Niderlandzki;Freelancer;Umowa o dzieło;JDG;8;4560;;
2025;January;Niderlandzki;Biuro tłumaczeń;Umowa zlecenie;Korporacja;12;6828;;
2025;January;Czeski;Freelancer;Umowa zlecenie;JDG;16;8544;;
2025;January;Czeski;Biuro tłumaczeń;Umowa zlecenie;MSP;14;10108;;
2025;February;Węgierski;Freelancer;Umowa o dzieło;JDG;2;958;;
2025;February;Węgierski;Biuro tłumaczeń;Umowa o dzieło;JDG;9;6381;;
2025;February;Angielski;Freelancer;Umowa zlecenie;JDG;4;2792;;
2025;February;Angielski;Biuro tłumaczeń;Umowa zlecenie;JDG;9;5553;;
2025;February;Niemiecki;Freelancer;Umowa o dzieło;MSP;11;7370;;
2025;February;Niemiecki;Biuro tłumaczeń;Useme.com;JDG;16;7648;;
2025;February;Francuski;Freelancer;Umowa o dzieło;JDG;12;8856;;
2025;February;Francuski;Biuro tłumaczeń;Umowa o dzieło;JDG;8;5248;;
2025;February;Hiszpański;Freelancer;Useme.com;Korporacja;13;8164;;
2025;February;Hiszpański;Biuro tłumaczeń;Umowa o dzieło;Korporacja;4;1704;;
2025;February;Włoski;Freelancer;Umowa zlecenie;JDG;15;7290;;
2025;February;Włoski;Biuro tłumaczeń;Umowa zlecenie;MSP;9;3861;;
2025;February;Niderlandzki;Freelancer;Useme.com;JDG;7;3871;;
2025;February;Niderlandzki;Biuro tłumaczeń;Useme.com;Korporacja;18;10620;;
2025;February;Czeski;Freelancer;Umowa o dzieło;JDG;19;13224;;
2025;February;Czeski;Biuro tłumaczeń;Useme.com;MSP;11;4587;;
2025;March;Węgierski;Freelancer;Useme.com;Korporacja;11;6831;;
2025;March;Węgierski;Biuro tłumaczeń;Useme.com;JDG;1;462;;
2025;March;Angielski;Freelancer;Useme.com;JDG;8;3928;;
2025;March;Angielski;Biuro tłumaczeń;Umowa o dzieło;MSP;6;4554;;
2025;March;Niemiecki;Freelancer;Useme.com;MSP;9;4563;;
2025;March;Niemiecki;Biuro tłumaczeń;Umowa zlecenie;JDG;2;1152;;
2025;March;Francuski;Freelancer;Useme.com;JDG;1;685;;
2025;March;Francuski;Biuro tłumaczeń;Useme.com;MSP;14;7308;;
2025;March;Hiszpański;Freelancer;Umowa o dzieło;MSP;7;3507;;
2025;March;Hiszpański;Biuro tłumaczeń;Umowa zlecenie;JDG;2;1182;;
2025;March;Włoski;Freelancer;Umowa zlecenie;JDG;17;13600;;
2025;March;Włoski;Biuro tłumaczeń;Useme.com;MSP;6;4272;;
2025;March;Niderlandzki;Freelancer;Useme.com;Korporacja;19;11400;;
2025;March;Niderlandzki;Biuro tłumaczeń;Umowa o dzieło;MSP;6;3336;;
2025;March;Czeski;Freelancer;Useme.com;Korporacja;10;5920;;
2025;March;Czeski;Biuro tłumaczeń;Umowa zlecenie;Korporacja;5;2880;;
2025;April;Węgierski;Freelancer;Umowa zlecenie;MSP;15;11325;;
2025;April;Węgierski;Biuro tłumaczeń;Useme.com;Korporacja;1;432;;
2025;April;Angielski;Freelancer;Umowa o dzieło;JDG;5;2660;;
2025;April;Angielski;Biuro tłumaczeń;Umowa o dzieło;JDG;16;11376;;
2025;April;Niemiecki;Freelancer;Umowa o dzieło;JDG;18;9792;;
2025;April;Niemiecki;Biuro tłumaczeń;Umowa o dzieło;Korporacja;12;9336;;
2025;April;Francuski;Freelancer;Useme.com;JDG;13;9074;;
2025;April;Francuski;Biuro tłumaczeń;Umowa o dzieło;Korporacja;5;2505;;
2025;April;Hiszpański;Freelancer;Umowa zlecenie;Korporacja;14;9016;;
2025;April;Hiszpański;Biuro tłumaczeń;Umowa o dzieło;JDG;3;2361;;
2025;April;Włoski;Freelancer;Umowa zlecenie;MSP;17;11390;;
2025;April;Włoski;Biuro tłumaczeń;Umowa o dzieło;JDG;6;3702;;
2025;April;Niderlandzki;Freelancer;Useme.com;MSP;9;5337;;
2025;April;Niderlandzki;Biuro tłumaczeń;Useme.com;JDG;12;7824;;
2025;April;Czeski;Freelancer;Umowa o dzieło;Korporacja;19;9158;;
2025;April;Czeski;Biuro tłumaczeń;Useme.com;JDG;9;5526;;
2025;May;Węgierski;Freelancer;Umowa zlecenie;MSP;18;7344;;
2025;May;Węgierski;Biuro tłumaczeń;Umowa o dzieło;Korporacja;8;5632;;
2025;May;Angielski;Freelancer;Umowa zlecenie;MSP;2;1362;;
2025;May;Angielski;Biuro tłumaczeń;Umowa o dzieło;MSP;7;4368;;
2025;May;Niemiecki;Freelancer;Umowa o dzieło;Korporacja;1;694;;
2025;May;Niemiecki;Biuro tłumaczeń;Useme.com;JDG;6;3636;;
2025;May;Francuski;Freelancer;Useme.com;Korporacja;8;4968;;
2025;May;Francuski;Biuro tłumaczeń;Umowa zlecenie;JDG;8;4880;;
2025;May;Hiszpański;Freelancer;Useme.com;JDG;13;6916;;
2025;May;Hiszpański;Biuro tłumaczeń;Useme.com;Korporacja;1;761;;
2025;May;Włoski;Freelancer;Umowa zlecenie;JDG;20;11260;;
2025;May;Włoski;Biuro tłumaczeń;Umowa zlecenie;MSP;13;5564;;
2025;May;Niderlandzki;Freelancer;Umowa zlecenie;MSP;5;2765;;
2025;May;Niderlandzki;Biuro tłumaczeń;Useme.com;JDG;4;2200;;
2025;May;Czeski;Freelancer;Useme.com;JDG;1;621;;
2025;May;Czeski;Biuro tłumaczeń;Useme.com;JDG;5;3220;;
2025;June;Węgierski;Freelancer;Useme.com;MSP;1;638;;
2025;June;Węgierski;Biuro tłumaczeń;Umowa zlecenie;JDG;18;8208;;
2025;June;Angielski;Freelancer;Umowa o dzieło;MSP;12;6504;;
2025;June;Angielski;Biuro tłumaczeń;Umowa zlecenie;JDG;12;6876;;
2025;June;Niemiecki;Freelancer;Umowa o dzieło;Korporacja;20;8260;;
2025;June;Niemiecki;Biuro tłumaczeń;Umowa zlecenie;MSP;11;6787;;
2025;June;Francuski;Freelancer;Umowa zlecenie;MSP;5;3225;;
2025;June;Francuski;Biuro tłumaczeń;Umowa zlecenie;JDG;14;5824;;
2025;June;Hiszpański;Freelancer;Umowa zlecenie;Korporacja;12;9384;;
2025;June;Hiszpański;Biuro tłumaczeń;Umowa o dzieło;Korporacja;2;1170;;
2025;June;Włoski;Freelancer;Umowa o dzieło;MSP;12;7992;;
2025;June;Włoski;Biuro tłumaczeń;Umowa o dzieło;JDG;3;1722;;
2025;June;Niderlandzki;Freelancer;Useme.com;Korporacja;7;5215;;
2025;June;Niderlandzki;Biuro tłumaczeń;Umowa zlecenie;MSP;2;928;;
2025;June;Czeski;Freelancer;Umowa zlecenie;JDG;6;3378;;
2025;June;Czeski;Biuro tłumaczeń;Umowa o dzieło;MSP;4;2264;;
2025;July;Węgierski;Freelancer;Umowa o dzieło;Korporacja;16;12096;;
2025;July;Węgierski;Biuro tłumaczeń;Umowa zlecenie;MSP;11;7062;;
2025;July;Angielski;Freelancer;Umowa zlecenie;MSP;7;4928;;
2025;July;Angielski;Biuro tłumaczeń;Umowa zlecenie;Korporacja;3;1365;;
2025;July;Niemiecki;Freelancer;Umowa zlecenie;Korporacja;8;3448;;
2025;July;Niemiecki;Biuro tłumaczeń;Umowa zlecenie;MSP;19;9956;;
2025;July;Francuski;Freelancer;Umowa zlecenie;MSP;6;3252;;
2025;July;Francuski;Biuro tłumaczeń;Umowa zlecenie;MSP;19;11305;;
2025;July;Hiszpański;Freelancer;Umowa o dzieło;MSP;5;2480;;
2025;July;Hiszpański;Biuro tłumaczeń;Useme.com;JDG;1;635;;
2025;July;Włoski;Freelancer;Umowa zlecenie;MSP;1;778;;
2025;July;Włoski;Biuro tłumaczeń;Umowa o dzieło;JDG;8;5712;;
2025;July;Niderlandzki;Freelancer;Useme.com;MSP;4;3028;;
2025;July;Niderlandzki;Biuro tłumaczeń;Useme.com;MSP;15;11040;;
2025;July;Czeski;Freelancer;Umowa zlecenie;Korporacja;17;10523;;
2025;July;Czeski;Biuro tłumaczeń;Umowa o dzieło;Korporacja;16;12528;;
2025;August;Węgierski;Freelancer;Umowa o dzieło;Korporacja;13;9828;;
2025;August;Węgierski;Biuro tłumaczeń;Useme.com;Korporacja;11;8679;;
2025;August;Angielski;Freelancer;Umowa o dzieło;Korporacja;6;4800;;
2025;August;Angielski;Biuro tłumaczeń;Umowa o dzieło;Korporacja;18;9288;;
2025;August;Niemiecki;Freelancer;Umowa o dzieło;MSP;5;2735;;
2025;August;Niemiecki;Biuro tłumaczeń;Umowa o dzieło;Korporacja;19;8246;;
2025;August;Francuski;Freelancer;Useme.com;Korporacja;12;8652;;
2025;August;Francuski;Biuro tłumaczeń;Umowa zlecenie;Korporacja;14;5964;;
2025;August;Hiszpański;Freelancer;Useme.com;JDG;7;3206;;
2025;August;Hiszpański;Biuro tłumaczeń;Umowa zlecenie;JDG;7;4725;;
2025;August;Włoski;Freelancer;Umowa zlecenie;MSP;8;3624;;
2025;August;Włoski;Biuro tłumaczeń;Umowa zlecenie;MSP;10;7600;;
2025;August;Niderlandzki;Freelancer;Umowa zlecenie;MSP;17;11951;;
2025;August;Niderlandzki;Biuro tłumaczeń;Umowa o dzieło;Korporacja;18;8136;;
2025;August;Czeski;Freelancer;Umowa o dzieło;Korporacja;7;5348;;
2025;August;Czeski;Biuro tłumaczeń;Umowa zlecenie;Korporacja;14;8554;;
2025;September;Węgierski;Freelancer;Umowa zlecenie;MSP;16;12624;;
2025;September;Węgierski;Biuro tłumaczeń;Umowa zlecenie;MSP;18;12906;;
2025;September;Angielski;Freelancer;Umowa zlecenie;Korporacja;2;1166;;
2025;September;Angielski;Biuro tłumaczeń;Umowa zlecenie;Korporacja;7;4487;;
2025;September;Niemiecki;Freelancer;Umowa zlecenie;JDG;1;426;;
2025;September;Niemiecki;Biuro tłumaczeń;Umowa o dzieło;JDG;15;7140;;
2025;September;Francuski;Freelancer;Useme.com;Korporacja;19;10317;;
2025;September;Francuski;Biuro tłumaczeń;Umowa zlecenie;JDG;11;5775;;
2025;September;Hiszpański;Freelancer;Umowa o dzieło;MSP;17;9197;;
2025;September;Hiszpański;Biuro tłumaczeń;Useme.com;MSP;18;11862;;
2025;September;Włoski;Freelancer;Useme.com;MSP;3;1302;;
2025;September;Włoski;Biuro tłumaczeń;Umowa o dzieło;MSP;9;5967;;
2025;September;Niderlandzki;Freelancer;Umowa o dzieło;MSP;1;633;;
2025;September;Niderlandzki;Biuro tłumaczeń;Umowa zlecenie;Korporacja;5;3050;;
2025;September;Czeski;Freelancer;Umowa o dzieło;Korporacja;14;9212;;
2025;September;Czeski;Biuro tłumaczeń;Umowa o dzieło;Korporacja;2;1368;;
2025;October;Węgierski;Freelancer;Useme.com;MSP;5;3865;;
2025;October;Węgierski;Biuro tłumaczeń;Umowa o dzieło;JDG;14;7336;;
2025;October;Angielski;Freelancer;Umowa zlecenie;MSP;4;3064;;
2025;October;Angielski;Biuro tłumaczeń;Umowa zlecenie;MSP;7;5537;;
2025;October;Niemiecki;Freelancer;Umowa zlecenie;JDG;16;6656;;
2025;October;Niemiecki;Biuro tłumaczeń;Useme.com;Korporacja;7;3010;;
2025;October;Francuski;Freelancer;Useme.com;MSP;4;2372;;
2025;October;Francuski;Biuro tłumaczeń;Useme.com;MSP;15;11100;;
2025;October;Hiszpański;Freelancer;Umowa zlecenie;JDG;20;14000;;
2025;October;Hiszpański;Biuro tłumaczeń;Useme.com;Korporacja;1;547;;
2025;October;Włoski;Freelancer;Useme.com;JDG;8;3416;;
2025;October;Włoski;Biuro tłumaczeń;Useme.com;Korporacja;12;6600;;
2025;October;Niderlandzki;Freelancer;Umowa zlecenie;Korporacja;15;9375;;
2025;October;Niderlandzki;Biuro tłumaczeń;Umowa zlecenie;MSP;7;4123;;
2025;October;Czeski;Freelancer;Umowa o dzieło;Korporacja;8;3968;;
2025;October;Czeski;Biuro tłumaczeń;Umowa zlecenie;Korporacja;18;9360;;
2025;November;Węgierski;Freelancer;Umowa o dzieło;Korporacja;6;4266;;
2025;November;Węgierski;Biuro tłumaczeń;Umowa zlecenie;JDG;10;4830;;
2025;November;Angielski;Freelancer;Umowa zlecenie;JDG;14;7896;;
2025;November;Angielski;Biuro tłumaczeń;Umowa o dzieło;MSP;7;5012;;
2025;November;Niemiecki;Freelancer;Umowa o dzieło;JDG;3;1311;;
2025;November;Niemiecki;Biuro tłumaczeń;Useme.com;MSP;8;3992;;
2025;November;Francuski;Freelancer;Umowa zlecenie;MSP;19;11229;;
2025;November;Francuski;Biuro tłumaczeń;Useme.com;JDG;2;1006;;
2025;November;Hiszpański;Freelancer;Useme.com;JDG;14;7714;;
2025;November;Hiszpański;Biuro tłumaczeń;Useme.com;JDG;3;1653;;
2025;November;Włoski;Freelancer;Useme.com;Korporacja;6;2400;;
2025;November;Włoski;Biuro tłumaczeń;Umowa zlecenie;MSP;16;10896;;
2025;November;Niderlandzki;Freelancer;Umowa o dzieło;MSP;15;8070;;
2025;November;Niderlandzki;Biuro tłumaczeń;Umowa zlecenie;JDG;2;878;;
2025;November;Czeski;Freelancer;Umowa zlecenie;Korporacja;11;6545;;
2025;November;Czeski;Biuro tłumaczeń;Umowa zlecenie;JDG;13;7943;;
2025;December;Węgierski;Freelancer;Useme.com;Korporacja;13;6045;;
2025;December;Węgierski;Biuro tłumaczeń;Useme.com;MSP;20;12440;;
2025;December;Angielski;Freelancer;Umowa o dzieło;MSP;2;888;;
2025;December;Angielski;Biuro tłumaczeń;Umowa zlecenie;JDG;6;4266;;
2025;December;Niemiecki;Freelancer;Umowa zlecenie;JDG;6;3384;;
2025;December;Niemiecki;Biuro tłumaczeń;Umowa zlecenie;MSP;14;5824;;
2025;December;Francuski;Freelancer;Umowa o dzieło;JDG;1;403;;
2025;December;Francuski;Biuro tłumaczeń;Umowa o dzieło;Korporacja;8;5984;;
2025;December;Hiszpański;Freelancer;Umowa o dzieło;MSP;20;9600;;
2025;December;Hiszpański;Biuro tłumaczeń;Umowa o dzieło;MSP;16;7056;;
2025;December;Włoski;Freelancer;Umowa o dzieło;JDG;13;7553;;
2025;December;Włoski;Biuro tłumaczeń;Umowa zlecenie;Korporacja;15;9990;;
2025;December;Niderlandzki;Freelancer;Umowa o dzieło;JDG;14;10850;;
2025;December;Niderlandzki;Biuro tłumaczeń;Umowa o dzieło;MSP;20;14120;;
2025;December;Czeski;Freelancer;Umowa o dzieło;MSP;18;8190;;
2025;December;Czeski;Biuro tłumaczeń;Useme.com;Korporacja;11;4576;;
